[Setup] Input  data_fixed  size=150528 h=224 w=224
[Setup] Output fc1000_fixed  size=1000
[DDR4] Instructions: reg_val=0x1B900  phys=0x000000001B900000  size=742492 B
[DDR4] Weights:      phys=0x000000001C100000  size=25726976 B
[DDR4] Input tensor: phys=0x000000001B9C0000  total=152608 B  pixel_start=+2080 B
[Snapshot] Weight backup taken: 25726976 B @ 0x000000001C100000
[Baseline] Accuracy: 75/100 = 75.00%

──── target=weights ────
  [SEFI-column] SEFI-col 'weights'  col_off=639  col_w=8  complete_rows=3140  partial=4096 B  bytes_hit=25128
  [SEFI-column] SEFI-col 'input'  col_off=639  col_w=8  complete_rows=18  partial=5152 B  bytes_hit=152
  [SEFI-column] SEFI-col 'output'  col_off=639  col_w=8  complete_rows=0  partial=1008 B  bytes_hit=8
  [SEFI-column] SEFI-col TOTAL  bytes=25288 (weights=25128 input=152 output=8)  bits~101317
  [SEFI-column] SEFI-col 'weights'  col_off=7157  col_w=8  complete_rows=3140  partial=4096 B  bytes_hit=25120
  [SEFI-column] SEFI-col 'input'  col_off=7157  col_w=8  complete_rows=18  partial=5152 B  bytes_hit=144
  [SEFI-column] SEFI-col 'output'  col_off=7157  col_w=8  complete_rows=0  partial=1008 B  bytes_hit=0
  [SEFI-column] SEFI-col TOTAL  bytes=25264 (weights=25120 input=144 output=0)  bits~101311
  [SEFI-column] SEFI-col 'weights'  col_off=767  col_w=8  complete_rows=3140  partial=4096 B  bytes_hit=25128
  [SEFI-column] SEFI-col 'input'  col_off=767  col_w=8  complete_rows=18  partial=5152 B  bytes_hit=152
  [SEFI-column] SEFI-col 'output'  col_off=767  col_w=8  complete_rows=0  partial=1008 B  bytes_hit=8
  [SEFI-column] SEFI-col TOTAL  bytes=25288 (weights=25128 input=152 output=8)  bits~101824
  [SEFI-column] SEFI-col 'weights'  col_off=4463  col_w=8  complete_rows=3140  partial=4096 B  bytes_hit=25120
  [SEFI-column] SEFI-col 'input'  col_off=4463  col_w=8  complete_rows=18  partial=5152 B  bytes_hit=152
  [SEFI-column] SEFI-col 'output'  col_off=4463  col_w=8  complete_rows=0  partial=1008 B  bytes_hit=0
  [SEFI-column] SEFI-col TOTAL  bytes=25272 (weights=25120 input=152 output=0)  bits~101359
  [SEFI-column] SEFI-col 'weights'  col_off=6597  col_w=8  complete_rows=3140  partial=4096 B  bytes_hit=25120
  [SEFI-column] SEFI-col 'input'  col_off=6597  col_w=8  complete_rows=18  partial=5152 B  bytes_hit=144
  [SEFI-column] SEFI-col 'output'  col_off=6597  col_w=8  complete_rows=0  partial=1008 B  bytes_hit=0
  [SEFI-column] SEFI-col TOTAL  bytes=25264 (weights=25120 input=144 output=0)  bits~101347
  [SEFI-column] SEFI-col 'weights'  col_off=6443  col_w=8  complete_rows=3140  partial=4096 B  bytes_hit=25120
  [SEFI-column] SEFI-col 'input'  col_off=6443  col_w=8  complete_rows=18  partial=5152 B  bytes_hit=144
  [SEFI-column] SEFI-col 'output'  col_off=6443  col_w=8  complete_rows=0  partial=1008 B  bytes_hit=0
  [SEFI-column] SEFI-col TOTAL  bytes=25264 (weights=25120 input=144 output=0)  bits~101722
  [SEFI-column] SEFI-col 'weights'  col_off=7396  col_w=8  complete_rows=3140  partial=4096 B  bytes_hit=25120
  [SEFI-column] SEFI-col 'input'  col_off=7396  col_w=8  complete_rows=18  partial=5152 B  bytes_hit=144
  [SEFI-column] SEFI-col 'output'  col_off=7396  col_w=8  complete_rows=0  partial=1008 B  bytes_hit=0
  [SEFI-column] SEFI-col TOTAL  bytes=25264 (weights=25120 input=144 output=0)  bits~101379
  [SEFI-column] SEFI-col 'weights'  col_off=1762  col_w=8  complete_rows=3140  partial=4096 B  bytes_hit=25128
  [SEFI-column] SEFI-col 'input'  col_off=1762  col_w=8  complete_rows=18  partial=5152 B  bytes_hit=152
  [SEFI-column] SEFI-col 'output'  col_off=1762  col_w=8  complete_rows=0  partial=1008 B  bytes_hit=0
  [SEFI-column] SEFI-col TOTAL  bytes=25280 (weights=25128 input=152 output=0)  bits~101904
  [SEFI-column] SEFI-col 'weights'  col_off=5996  col_w=8  complete_rows=3140  partial=4096 B  bytes_hit=25120
  [SEFI-column] SEFI-col 'input'  col_off=5996  col_w=8  complete_rows=18  partial=5152 B  bytes_hit=144
  [SEFI-column] SEFI-col 'output'  col_off=5996  col_w=8  complete_rows=0  partial=1008 B  bytes_hit=0
  [SEFI-column] SEFI-col TOTAL  bytes=25264 (weights=25120 input=144 output=0)  bits~101493
  [SEFI-column] SEFI-col 'weights'  col_off=6578  col_w=8  complete_rows=3140  partial=4096 B  bytes_hit=25120
  [SEFI-column] SEFI-col 'input'  col_off=6578  col_w=8  complete_rows=18  partial=5152 B  bytes_hit=144
  [SEFI-column] SEFI-col 'output'  col_off=6578  col_w=8  complete_rows=0  partial=1008 B  bytes_hit=0
  [SEFI-column] SEFI-col TOTAL  bytes=25264 (weights=25120 input=144 output=0)  bits~101819
  [SEFI-column] SEFI-col 'weights'  col_off=6166  col_w=8  complete_rows=3140  partial=4096 B  bytes_hit=25120
  [SEFI-column] SEFI-col 'input'  col_off=6166  col_w=8  complete_rows=18  partial=5152 B  bytes_hit=144
  [SEFI-column] SEFI-col 'output'  col_off=6166  col_w=8  complete_rows=0  partial=1008 B  bytes_hit=0
  [SEFI-column] SEFI-col TOTAL  bytes=25264 (weights=25120 input=144 output=0)  bits~101683
  [SEFI-column] SEFI-col 'weights'  col_off=7467  col_w=8  complete_rows=3140  partial=4096 B  bytes_hit=25120
  [SEFI-column] SEFI-col 'input'  col_off=7467  col_w=8  complete_rows=18  partial=5152 B  bytes_hit=144
  [SEFI-column] SEFI-col 'output'  col_off=7467  col_w=8  complete_rows=0  partial=1008 B  bytes_hit=0
  [SEFI-column] SEFI-col TOTAL  bytes=25264 (weights=25120 input=144 output=0)  bits~101495
  [SEFI-column] SEFI-col 'weights'  col_off=6505  col_w=8  complete_rows=3140  partial=4096 B  bytes_hit=25120
  [SEFI-column] SEFI-col 'input'  col_off=6505  col_w=8  complete_rows=18  partial=5152 B  bytes_hit=144
  [SEFI-column] SEFI-col 'output'  col_off=6505  col_w=8  complete_rows=0  partial=1008 B  bytes_hit=0
  [SEFI-column] SEFI-col TOTAL  bytes=25264 (weights=25120 input=144 output=0)  bits~101738
  [SEFI-column] SEFI-col 'weights'  col_off=495  col_w=8  complete_rows=3140  partial=4096 B  bytes_hit=25128
  [SEFI-column] SEFI-col 'input'  col_off=495  col_w=8  complete_rows=18  partial=5152 B  bytes_hit=152
  [SEFI-column] SEFI-col 'output'  col_off=495  col_w=8  complete_rows=0  partial=1008 B  bytes_hit=8
  [SEFI-column] SEFI-col TOTAL  bytes=25288 (weights=25128 input=152 output=8)  bits~101291
  [SEFI-column] SEFI-col 'weights'  col_off=4623  col_w=8  complete_rows=3140  partial=4096 B  bytes_hit=25120
  [SEFI-column] SEFI-col 'input'  col_off=4623  col_w=8  complete_rows=18  partial=5152 B  bytes_hit=152
  [SEFI-column] SEFI-col 'output'  col_off=4623  col_w=8  complete_rows=0  partial=1008 B  bytes_hit=0
  [SEFI-column] SEFI-col TOTAL  bytes=25272 (weights=25120 input=152 output=0)  bits~101620
  [SEFI-column] SEFI-col 'weights'  col_off=4116  col_w=8  complete_rows=3140  partial=4096 B  bytes_hit=25120
  [SEFI-column] SEFI-col 'input'  col_off=4116  col_w=8  complete_rows=18  partial=5152 B  bytes_hit=152
  [SEFI-column] SEFI-col 'output'  col_off=4116  col_w=8  complete_rows=0  partial=1008 B  bytes_hit=0
  [SEFI-column] SEFI-col TOTAL  bytes=25272 (weights=25120 input=152 output=0)  bits~101603
  [SEFI-column] SEFI-col 'weights'  col_off=8094  col_w=8  complete_rows=3140  partial=4096 B  bytes_hit=25120
  [SEFI-column] SEFI-col 'input'  col_off=8094  col_w=8  complete_rows=18  partial=5152 B  bytes_hit=144
  [SEFI-column] SEFI-col 'output'  col_off=8094  col_w=8  complete_rows=0  partial=1008 B  bytes_hit=0
  [SEFI-column] SEFI-col TOTAL  bytes=25264 (weights=25120 input=144 output=0)  bits~101574
  [SEFI-column] SEFI-col 'weights'  col_off=3241  col_w=8  complete_rows=3140  partial=4096 B  bytes_hit=25128
  [SEFI-column] SEFI-col 'input'  col_off=3241  col_w=8  complete_rows=18  partial=5152 B  bytes_hit=152
  [SEFI-column] SEFI-col 'output'  col_off=3241  col_w=8  complete_rows=0  partial=1008 B  bytes_hit=0
  [SEFI-column] SEFI-col TOTAL  bytes=25280 (weights=25128 input=152 output=0)  bits~101095
  [SEFI-column] SEFI-col 'weights'  col_off=6393  col_w=8  complete_rows=3140  partial=4096 B  bytes_hit=25120
  [SEFI-column] SEFI-col 'input'  col_off=6393  col_w=8  complete_rows=18  partial=5152 B  bytes_hit=144
  [SEFI-column] SEFI-col 'output'  col_off=6393  col_w=8  complete_rows=0  partial=1008 B  bytes_hit=0
  [SEFI-column] SEFI-col TOTAL  bytes=25264 (weights=25120 input=144 output=0)  bits~101451
  [SEFI-column] SEFI-col 'weights'  col_off=3481  col_w=8  complete_rows=3140  partial=4096 B  bytes_hit=25128
  [SEFI-column] SEFI-col 'input'  col_off=3481  col_w=8  complete_rows=18  partial=5152 B  bytes_hit=152
  [SEFI-column] SEFI-col 'output'  col_off=3481  col_w=8  complete_rows=0  partial=1008 B  bytes_hit=0
  [SEFI-column] SEFI-col TOTAL  bytes=25280 (weights=25128 input=152 output=0)  bits~101455
  [SEFI-column] SEFI-col 'weights'  col_off=6217  col_w=8  complete_rows=3140  partial=4096 B  bytes_hit=25120
  [SEFI-column] SEFI-col 'input'  col_off=6217  col_w=8  complete_rows=18  partial=5152 B  bytes_hit=144
  [SEFI-column] SEFI-col 'output'  col_off=6217  col_w=8  complete_rows=0  partial=1008 B  bytes_hit=0
  [SEFI-column] SEFI-col TOTAL  bytes=25264 (weights=25120 input=144 output=0)  bits~101458
  [SEFI-column] SEFI-col 'weights'  col_off=1137  col_w=8  complete_rows=3140  partial=4096 B  bytes_hit=25128
  [SEFI-column] SEFI-col 'input'  col_off=1137  col_w=8  complete_rows=18  partial=5152 B  bytes_hit=152
  [SEFI-column] SEFI-col 'output'  col_off=1137  col_w=8  complete_rows=0  partial=1008 B  bytes_hit=0
  [SEFI-column] SEFI-col TOTAL  bytes=25280 (weights=25128 input=152 output=0)  bits~101726
  [SEFI-column] SEFI-col 'weights'  col_off=7129  col_w=8  complete_rows=3140  partial=4096 B  bytes_hit=25120
  [SEFI-column] SEFI-col 'input'  col_off=7129  col_w=8  complete_rows=18  partial=5152 B  bytes_hit=144
  [SEFI-column] SEFI-col 'output'  col_off=7129  col_w=8  complete_rows=0  partial=1008 B  bytes_hit=0
  [SEFI-column] SEFI-col TOTAL  bytes=25264 (weights=25120 input=144 output=0)  bits~101569
  [SEFI-column] SEFI-col 'weights'  col_off=6794  col_w=8  complete_rows=3140  partial=4096 B  bytes_hit=25120
  [SEFI-column] SEFI-col 'input'  col_off=6794  col_w=8  complete_rows=18  partial=5152 B  bytes_hit=144
  [SEFI-column] SEFI-col 'output'  col_off=6794  col_w=8  complete_rows=0  partial=1008 B  bytes_hit=0
  [SEFI-column] SEFI-col TOTAL  bytes=25264 (weights=25120 input=144 output=0)  bits~101689
  [SEFI-column] SEFI-col 'weights'  col_off=1712  col_w=8  complete_rows=3140  partial=4096 B  bytes_hit=25128
  [SEFI-column] SEFI-col 'input'  col_off=1712  col_w=8  complete_rows=18  partial=5152 B  bytes_hit=152
  [SEFI-column] SEFI-col 'output'  col_off=1712  col_w=8  complete_rows=0  partial=1008 B  bytes_hit=0
  [SEFI-column] SEFI-col TOTAL  bytes=25280 (weights=25128 input=152 output=0)  bits~101865
  [SEFI-column] SEFI-col 'weights'  col_off=6446  col_w=8  complete_rows=3140  partial=4096 B  bytes_hit=25120
  [SEFI-column] SEFI-col 'input'  col_off=6446  col_w=8  complete_rows=18  partial=5152 B  bytes_hit=144
  [SEFI-column] SEFI-col 'output'  col_off=6446  col_w=8  complete_rows=0  partial=1008 B  bytes_hit=0
  [SEFI-column] SEFI-col TOTAL  bytes=25264 (weights=25120 input=144 output=0)  bits~101701
  [SEFI-column] SEFI-col 'weights'  col_off=1081  col_w=8  complete_rows=3140  partial=4096 B  bytes_hit=25128
  [SEFI-column] SEFI-col 'input'  col_off=1081  col_w=8  complete_rows=18  partial=5152 B  bytes_hit=152
  [SEFI-column] SEFI-col 'output'  col_off=1081  col_w=8  complete_rows=0  partial=1008 B  bytes_hit=0
  [SEFI-column] SEFI-col TOTAL  bytes=25280 (weights=25128 input=152 output=0)  bits~101247
  [SEFI-column] SEFI-col 'weights'  col_off=2878  col_w=8  complete_rows=3140  partial=4096 B  bytes_hit=25128
  [SEFI-column] SEFI-col 'input'  col_off=2878  col_w=8  complete_rows=18  partial=5152 B  bytes_hit=152
  [SEFI-column] SEFI-col 'output'  col_off=2878  col_w=8  complete_rows=0  partial=1008 B  bytes_hit=0
  [SEFI-column] SEFI-col TOTAL  bytes=25280 (weights=25128 input=152 output=0)  bits~101787
  [SEFI-column] SEFI-col 'weights'  col_off=1373  col_w=8  complete_rows=3140  partial=4096 B  bytes_hit=25128
  [SEFI-column] SEFI-col 'input'  col_off=1373  col_w=8  complete_rows=18  partial=5152 B  bytes_hit=152
  [SEFI-column] SEFI-col 'output'  col_off=1373  col_w=8  complete_rows=0  partial=1008 B  bytes_hit=0
  [SEFI-column] SEFI-col TOTAL  bytes=25280 (weights=25128 input=152 output=0)  bits~101466
  [SEFI-column] SEFI-col 'weights'  col_off=1762  col_w=8  complete_rows=3140  partial=4096 B  bytes_hit=25128
  [SEFI-column] SEFI-col 'input'  col_off=1762  col_w=8  complete_rows=18  partial=5152 B  bytes_hit=152
  [SEFI-column] SEFI-col 'output'  col_off=1762  col_w=8  complete_rows=0  partial=1008 B  bytes_hit=0
  [SEFI-column] SEFI-col TOTAL  bytes=25280 (weights=25128 input=152 output=0)  bits~101367
  [SEFI-column] SEFI-col 'weights'  col_off=4390  col_w=8  complete_rows=3140  partial=4096 B  bytes_hit=25120
  [SEFI-column] SEFI-col 'input'  col_off=4390  col_w=8  complete_rows=18  partial=5152 B  bytes_hit=152
  [SEFI-column] SEFI-col 'output'  col_off=4390  col_w=8  complete_rows=0  partial=1008 B  bytes_hit=0
  [SEFI-column] SEFI-col TOTAL  bytes=25272 (weights=25120 input=152 output=0)  bits~101466
  [SEFI-column] SEFI-col 'weights'  col_off=4859  col_w=8  complete_rows=3140  partial=4096 B  bytes_hit=25120
  [SEFI-column] SEFI-col 'input'  col_off=4859  col_w=8  complete_rows=18  partial=5152 B  bytes_hit=152
  [SEFI-column] SEFI-col 'output'  col_off=4859  col_w=8  complete_rows=0  partial=1008 B  bytes_hit=0
  [SEFI-column] SEFI-col TOTAL  bytes=25272 (weights=25120 input=152 output=0)  bits~101523
  [SEFI-column] SEFI-col 'weights'  col_off=4284  col_w=8  complete_rows=3140  partial=4096 B  bytes_hit=25120
  [SEFI-column] SEFI-col 'input'  col_off=4284  col_w=8  complete_rows=18  partial=5152 B  bytes_hit=152
  [SEFI-column] SEFI-col 'output'  col_off=4284  col_w=8  complete_rows=0  partial=1008 B  bytes_hit=0
  [SEFI-column] SEFI-col TOTAL  bytes=25272 (weights=25120 input=152 output=0)  bits~101558
  [SEFI-column] SEFI-col 'weights'  col_off=7373  col_w=8  complete_rows=3140  partial=4096 B  bytes_hit=25120
  [SEFI-column] SEFI-col 'input'  col_off=7373  col_w=8  complete_rows=18  partial=5152 B  bytes_hit=144
  [SEFI-column] SEFI-col 'output'  col_off=7373  col_w=8  complete_rows=0  partial=1008 B  bytes_hit=0
  [SEFI-column] SEFI-col TOTAL  bytes=25264 (weights=25120 input=144 output=0)  bits~101539
  [SEFI-column] SEFI-col 'weights'  col_off=5804  col_w=8  complete_rows=3140  partial=4096 B  bytes_hit=25120
  [SEFI-column] SEFI-col 'input'  col_off=5804  col_w=8  complete_rows=18  partial=5152 B  bytes_hit=144
  [SEFI-column] SEFI-col 'output'  col_off=5804  col_w=8  complete_rows=0  partial=1008 B  bytes_hit=0
  [SEFI-column] SEFI-col TOTAL  bytes=25264 (weights=25120 input=144 output=0)  bits~101333
  [SEFI-column] SEFI-col 'weights'  col_off=2640  col_w=8  complete_rows=3140  partial=4096 B  bytes_hit=25128
  [SEFI-column] SEFI-col 'input'  col_off=2640  col_w=8  complete_rows=18  partial=5152 B  bytes_hit=152
  [SEFI-column] SEFI-col 'output'  col_off=2640  col_w=8  complete_rows=0  partial=1008 B  bytes_hit=0
  [SEFI-column] SEFI-col TOTAL  bytes=25280 (weights=25128 input=152 output=0)  bits~101249
  [SEFI-column] SEFI-col 'weights'  col_off=8085  col_w=8  complete_rows=3140  partial=4096 B  bytes_hit=25120
  [SEFI-column] SEFI-col 'input'  col_off=8085  col_w=8  complete_rows=18  partial=5152 B  bytes_hit=144
  [SEFI-column] SEFI-col 'output'  col_off=8085  col_w=8  complete_rows=0  partial=1008 B  bytes_hit=0
  [SEFI-column] SEFI-col TOTAL  bytes=25264 (weights=25120 input=144 output=0)  bits~101607
  [SEFI-column] SEFI-col 'weights'  col_off=834  col_w=8  complete_rows=3140  partial=4096 B  bytes_hit=25128
  [SEFI-column] SEFI-col 'input'  col_off=834  col_w=8  complete_rows=18  partial=5152 B  bytes_hit=152
  [SEFI-column] SEFI-col 'output'  col_off=834  col_w=8  complete_rows=0  partial=1008 B  bytes_hit=8
  [SEFI-column] SEFI-col TOTAL  bytes=25288 (weights=25128 input=152 output=8)  bits~101654
  [SEFI-column] SEFI-col 'weights'  col_off=2532  col_w=8  complete_rows=3140  partial=4096 B  bytes_hit=25128
  [SEFI-column] SEFI-col 'input'  col_off=2532  col_w=8  complete_rows=18  partial=5152 B  bytes_hit=152
  [SEFI-column] SEFI-col 'output'  col_off=2532  col_w=8  complete_rows=0  partial=1008 B  bytes_hit=0
  [SEFI-column] SEFI-col TOTAL  bytes=25280 (weights=25128 input=152 output=0)  bits~101558
  [SEFI-column] SEFI-col 'weights'  col_off=4500  col_w=8  complete_rows=3140  partial=4096 B  bytes_hit=25120
  [SEFI-column] SEFI-col 'input'  col_off=4500  col_w=8  complete_rows=18  partial=5152 B  bytes_hit=152
  [SEFI-column] SEFI-col 'output'  col_off=4500  col_w=8  complete_rows=0  partial=1008 B  bytes_hit=0
  [SEFI-column] SEFI-col TOTAL  bytes=25272 (weights=25120 input=152 output=0)  bits~101624
  [SEFI-column] SEFI-col 'weights'  col_off=3934  col_w=8  complete_rows=3140  partial=4096 B  bytes_hit=25128
  [SEFI-column] SEFI-col 'input'  col_off=3934  col_w=8  complete_rows=18  partial=5152 B  bytes_hit=152
  [SEFI-column] SEFI-col 'output'  col_off=3934  col_w=8  complete_rows=0  partial=1008 B  bytes_hit=0
  [SEFI-column] SEFI-col TOTAL  bytes=25280 (weights=25128 input=152 output=0)  bits~101527
  [SEFI-column] SEFI-col 'weights'  col_off=2040  col_w=8  complete_rows=3140  partial=4096 B  bytes_hit=25128
  [SEFI-column] SEFI-col 'input'  col_off=2040  col_w=8  complete_rows=18  partial=5152 B  bytes_hit=152
  [SEFI-column] SEFI-col 'output'  col_off=2040  col_w=8  complete_rows=0  partial=1008 B  bytes_hit=0
  [SEFI-column] SEFI-col TOTAL  bytes=25280 (weights=25128 input=152 output=0)  bits~101473
  [SEFI-column] SEFI-col 'weights'  col_off=3173  col_w=8  complete_rows=3140  partial=4096 B  bytes_hit=25128
  [SEFI-column] SEFI-col 'input'  col_off=3173  col_w=8  complete_rows=18  partial=5152 B  bytes_hit=152
  [SEFI-column] SEFI-col 'output'  col_off=3173  col_w=8  complete_rows=0  partial=1008 B  bytes_hit=0
  [SEFI-column] SEFI-col TOTAL  bytes=25280 (weights=25128 input=152 output=0)  bits~101245
  [SEFI-column] SEFI-col 'weights'  col_off=2807  col_w=8  complete_rows=3140  partial=4096 B  bytes_hit=25128
  [SEFI-column] SEFI-col 'input'  col_off=2807  col_w=8  complete_rows=18  partial=5152 B  bytes_hit=152
  [SEFI-column] SEFI-col 'output'  col_off=2807  col_w=8  complete_rows=0  partial=1008 B  bytes_hit=0
  [SEFI-column] SEFI-col TOTAL  bytes=25280 (weights=25128 input=152 output=0)  bits~101791
  [SEFI-column] SEFI-col 'weights'  col_off=6717  col_w=8  complete_rows=3140  partial=4096 B  bytes_hit=25120
  [SEFI-column] SEFI-col 'input'  col_off=6717  col_w=8  complete_rows=18  partial=5152 B  bytes_hit=144
  [SEFI-column] SEFI-col 'output'  col_off=6717  col_w=8  complete_rows=0  partial=1008 B  bytes_hit=0
  [SEFI-column] SEFI-col TOTAL  bytes=25264 (weights=25120 input=144 output=0)  bits~101333
  [SEFI-column] SEFI-col 'weights'  col_off=1909  col_w=8  complete_rows=3140  partial=4096 B  bytes_hit=25128
  [SEFI-column] SEFI-col 'input'  col_off=1909  col_w=8  complete_rows=18  partial=5152 B  bytes_hit=152
  [SEFI-column] SEFI-col 'output'  col_off=1909  col_w=8  complete_rows=0  partial=1008 B  bytes_hit=0
  [SEFI-column] SEFI-col TOTAL  bytes=25280 (weights=25128 input=152 output=0)  bits~102047
  [SEFI-column] SEFI-col 'weights'  col_off=991  col_w=8  complete_rows=3140  partial=4096 B  bytes_hit=25128
  [SEFI-column] SEFI-col 'input'  col_off=991  col_w=8  complete_rows=18  partial=5152 B  bytes_hit=152
  [SEFI-column] SEFI-col 'output'  col_off=991  col_w=8  complete_rows=0  partial=1008 B  bytes_hit=8
  [SEFI-column] SEFI-col TOTAL  bytes=25288 (weights=25128 input=152 output=8)  bits~101410
  [SEFI-column] SEFI-col 'weights'  col_off=2834  col_w=8  complete_rows=3140  partial=4096 B  bytes_hit=25128
  [SEFI-column] SEFI-col 'input'  col_off=2834  col_w=8  complete_rows=18  partial=5152 B  bytes_hit=152
  [SEFI-column] SEFI-col 'output'  col_off=2834  col_w=8  complete_rows=0  partial=1008 B  bytes_hit=0
  [SEFI-column] SEFI-col TOTAL  bytes=25280 (weights=25128 input=152 output=0)  bits~101406
  [SEFI-column] SEFI-col 'weights'  col_off=4116  col_w=8  complete_rows=3140  partial=4096 B  bytes_hit=25120
  [SEFI-column] SEFI-col 'input'  col_off=4116  col_w=8  complete_rows=18  partial=5152 B  bytes_hit=152
  [SEFI-column] SEFI-col 'output'  col_off=4116  col_w=8  complete_rows=0  partial=1008 B  bytes_hit=0
  [SEFI-column] SEFI-col TOTAL  bytes=25272 (weights=25120 input=152 output=0)  bits~101689
  [SEFI-column] SEFI-col 'weights'  col_off=7130  col_w=8  complete_rows=3140  partial=4096 B  bytes_hit=25120
  [SEFI-column] SEFI-col 'input'  col_off=7130  col_w=8  complete_rows=18  partial=5152 B  bytes_hit=144
  [SEFI-column] SEFI-col 'output'  col_off=7130  col_w=8  complete_rows=0  partial=1008 B  bytes_hit=0
  [SEFI-column] SEFI-col TOTAL  bytes=25264 (weights=25120 input=144 output=0)  bits~101403
  [SEFI-column] SEFI-col 'weights'  col_off=4247  col_w=8  complete_rows=3140  partial=4096 B  bytes_hit=25120
  [SEFI-column] SEFI-col 'input'  col_off=4247  col_w=8  complete_rows=18  partial=5152 B  bytes_hit=152
  [SEFI-column] SEFI-col 'output'  col_off=4247  col_w=8  complete_rows=0  partial=1008 B  bytes_hit=0
  [SEFI-column] SEFI-col TOTAL  bytes=25272 (weights=25120 input=152 output=0)  bits~101508
  [SEFI-column] SEFI-col 'weights'  col_off=5286  col_w=8  complete_rows=3140  partial=4096 B  bytes_hit=25120
  [SEFI-column] SEFI-col 'input'  col_off=5286  col_w=8  complete_rows=18  partial=5152 B  bytes_hit=144
  [SEFI-column] SEFI-col 'output'  col_off=5286  col_w=8  complete_rows=0  partial=1008 B  bytes_hit=0
  [SEFI-column] SEFI-col TOTAL  bytes=25264 (weights=25120 input=144 output=0)  bits~101403
  [SEFI-column] SEFI-col 'weights'  col_off=2348  col_w=8  complete_rows=3140  partial=4096 B  bytes_hit=25128
  [SEFI-column] SEFI-col 'input'  col_off=2348  col_w=8  complete_rows=18  partial=5152 B  bytes_hit=152
  [SEFI-column] SEFI-col 'output'  col_off=2348  col_w=8  complete_rows=0  partial=1008 B  bytes_hit=0
  [SEFI-column] SEFI-col TOTAL  bytes=25280 (weights=25128 input=152 output=0)  bits~101691
  [SEFI-column] SEFI-col 'weights'  col_off=3816  col_w=8  complete_rows=3140  partial=4096 B  bytes_hit=25128
  [SEFI-column] SEFI-col 'input'  col_off=3816  col_w=8  complete_rows=18  partial=5152 B  bytes_hit=152
  [SEFI-column] SEFI-col 'output'  col_off=3816  col_w=8  complete_rows=0  partial=1008 B  bytes_hit=0
  [SEFI-column] SEFI-col TOTAL  bytes=25280 (weights=25128 input=152 output=0)  bits~101283
  [SEFI-column] SEFI-col 'weights'  col_off=3224  col_w=8  complete_rows=3140  partial=4096 B  bytes_hit=25128
  [SEFI-column] SEFI-col 'input'  col_off=3224  col_w=8  complete_rows=18  partial=5152 B  bytes_hit=152
  [SEFI-column] SEFI-col 'output'  col_off=3224  col_w=8  complete_rows=0  partial=1008 B  bytes_hit=0
  [SEFI-column] SEFI-col TOTAL  bytes=25280 (weights=25128 input=152 output=0)  bits~101627
  [SEFI-column] SEFI-col 'weights'  col_off=740  col_w=8  complete_rows=3140  partial=4096 B  bytes_hit=25128
  [SEFI-column] SEFI-col 'input'  col_off=740  col_w=8  complete_rows=18  partial=5152 B  bytes_hit=152
  [SEFI-column] SEFI-col 'output'  col_off=740  col_w=8  complete_rows=0  partial=1008 B  bytes_hit=8
  [SEFI-column] SEFI-col TOTAL  bytes=25288 (weights=25128 input=152 output=8)  bits~101670
  [SEFI-column] SEFI-col 'weights'  col_off=8004  col_w=8  complete_rows=3140  partial=4096 B  bytes_hit=25120
  [SEFI-column] SEFI-col 'input'  col_off=8004  col_w=8  complete_rows=18  partial=5152 B  bytes_hit=144
  [SEFI-column] SEFI-col 'output'  col_off=8004  col_w=8  complete_rows=0  partial=1008 B  bytes_hit=0
  [SEFI-column] SEFI-col TOTAL  bytes=25264 (weights=25120 input=144 output=0)  bits~101964
  [SEFI-column] SEFI-col 'weights'  col_off=2211  col_w=8  complete_rows=3140  partial=4096 B  bytes_hit=25128
  [SEFI-column] SEFI-col 'input'  col_off=2211  col_w=8  complete_rows=18  partial=5152 B  bytes_hit=152
  [SEFI-column] SEFI-col 'output'  col_off=2211  col_w=8  complete_rows=0  partial=1008 B  bytes_hit=0
  [SEFI-column] SEFI-col TOTAL  bytes=25280 (weights=25128 input=152 output=0)  bits~101410
  [SEFI-column] SEFI-col 'weights'  col_off=6163  col_w=8  complete_rows=3140  partial=4096 B  bytes_hit=25120
  [SEFI-column] SEFI-col 'input'  col_off=6163  col_w=8  complete_rows=18  partial=5152 B  bytes_hit=144
  [SEFI-column] SEFI-col 'output'  col_off=6163  col_w=8  complete_rows=0  partial=1008 B  bytes_hit=0
  [SEFI-column] SEFI-col TOTAL  bytes=25264 (weights=25120 input=144 output=0)  bits~101449
  [SEFI-column] SEFI-col 'weights'  col_off=964  col_w=8  complete_rows=3140  partial=4096 B  bytes_hit=25128
  [SEFI-column] SEFI-col 'input'  col_off=964  col_w=8  complete_rows=18  partial=5152 B  bytes_hit=152
  [SEFI-column] SEFI-col 'output'  col_off=964  col_w=8  complete_rows=0  partial=1008 B  bytes_hit=8
  [SEFI-column] SEFI-col TOTAL  bytes=25288 (weights=25128 input=152 output=8)  bits~101925
  [SEFI-column] SEFI-col 'weights'  col_off=3143  col_w=8  complete_rows=3140  partial=4096 B  bytes_hit=25128
  [SEFI-column] SEFI-col 'input'  col_off=3143  col_w=8  complete_rows=18  partial=5152 B  bytes_hit=152
  [SEFI-column] SEFI-col 'output'  col_off=3143  col_w=8  complete_rows=0  partial=1008 B  bytes_hit=0
  [SEFI-column] SEFI-col TOTAL  bytes=25280 (weights=25128 input=152 output=0)  bits~101453
  [SEFI-column] SEFI-col 'weights'  col_off=7772  col_w=8  complete_rows=3140  partial=4096 B  bytes_hit=25120
  [SEFI-column] SEFI-col 'input'  col_off=7772  col_w=8  complete_rows=18  partial=5152 B  bytes_hit=144
  [SEFI-column] SEFI-col 'output'  col_off=7772  col_w=8  complete_rows=0  partial=1008 B  bytes_hit=0
  [SEFI-column] SEFI-col TOTAL  bytes=25264 (weights=25120 input=144 output=0)  bits~101655
  [SEFI-column] SEFI-col 'weights'  col_off=3456  col_w=8  complete_rows=3140  partial=4096 B  bytes_hit=25128
  [SEFI-column] SEFI-col 'input'  col_off=3456  col_w=8  complete_rows=18  partial=5152 B  bytes_hit=152
  [SEFI-column] SEFI-col 'output'  col_off=3456  col_w=8  complete_rows=0  partial=1008 B  bytes_hit=0
  [SEFI-column] SEFI-col TOTAL  bytes=25280 (weights=25128 input=152 output=0)  bits~101566
  [SEFI-column] SEFI-col 'weights'  col_off=3109  col_w=8  complete_rows=3140  partial=4096 B  bytes_hit=25128
  [SEFI-column] SEFI-col 'input'  col_off=3109  col_w=8  complete_rows=18  partial=5152 B  bytes_hit=152
  [SEFI-column] SEFI-col 'output'  col_off=3109  col_w=8  complete_rows=0  partial=1008 B  bytes_hit=0
  [SEFI-column] SEFI-col TOTAL  bytes=25280 (weights=25128 input=152 output=0)  bits~101479
  [SEFI-column] SEFI-col 'weights'  col_off=4074  col_w=8  complete_rows=3140  partial=4096 B  bytes_hit=25128
  [SEFI-column] SEFI-col 'input'  col_off=4074  col_w=8  complete_rows=18  partial=5152 B  bytes_hit=152
  [SEFI-column] SEFI-col 'output'  col_off=4074  col_w=8  complete_rows=0  partial=1008 B  bytes_hit=0
  [SEFI-column] SEFI-col TOTAL  bytes=25280 (weights=25128 input=152 output=0)  bits~101372
  [SEFI-column] SEFI-col 'weights'  col_off=7763  col_w=8  complete_rows=3140  partial=4096 B  bytes_hit=25120
  [SEFI-column] SEFI-col 'input'  col_off=7763  col_w=8  complete_rows=18  partial=5152 B  bytes_hit=144
  [SEFI-column] SEFI-col 'output'  col_off=7763  col_w=8  complete_rows=0  partial=1008 B  bytes_hit=0
  [SEFI-column] SEFI-col TOTAL  bytes=25264 (weights=25120 input=144 output=0)  bits~101262
  [SEFI-column] SEFI-col 'weights'  col_off=5116  col_w=8  complete_rows=3140  partial=4096 B  bytes_hit=25120
  [SEFI-column] SEFI-col 'input'  col_off=5116  col_w=8  complete_rows=18  partial=5152 B  bytes_hit=152
  [SEFI-column] SEFI-col 'output'  col_off=5116  col_w=8  complete_rows=0  partial=1008 B  bytes_hit=0
  [SEFI-column] SEFI-col TOTAL  bytes=25272 (weights=25120 input=152 output=0)  bits~101580
  [SEFI-column] SEFI-col 'weights'  col_off=4345  col_w=8  complete_rows=3140  partial=4096 B  bytes_hit=25120
  [SEFI-column] SEFI-col 'input'  col_off=4345  col_w=8  complete_rows=18  partial=5152 B  bytes_hit=152
  [SEFI-column] SEFI-col 'output'  col_off=4345  col_w=8  complete_rows=0  partial=1008 B  bytes_hit=0
  [SEFI-column] SEFI-col TOTAL  bytes=25272 (weights=25120 input=152 output=0)  bits~101375
  [SEFI-column] SEFI-col 'weights'  col_off=641  col_w=8  complete_rows=3140  partial=4096 B  bytes_hit=25128
  [SEFI-column] SEFI-col 'input'  col_off=641  col_w=8  complete_rows=18  partial=5152 B  bytes_hit=152
  [SEFI-column] SEFI-col 'output'  col_off=641  col_w=8  complete_rows=0  partial=1008 B  bytes_hit=8
  [SEFI-column] SEFI-col TOTAL  bytes=25288 (weights=25128 input=152 output=8)  bits~101534
  [SEFI-column] SEFI-col 'weights'  col_off=7038  col_w=8  complete_rows=3140  partial=4096 B  bytes_hit=25120
  [SEFI-column] SEFI-col 'input'  col_off=7038  col_w=8  complete_rows=18  partial=5152 B  bytes_hit=144
  [SEFI-column] SEFI-col 'output'  col_off=7038  col_w=8  complete_rows=0  partial=1008 B  bytes_hit=0
  [SEFI-column] SEFI-col TOTAL  bytes=25264 (weights=25120 input=144 output=0)  bits~101783
  [SEFI-column] SEFI-col 'weights'  col_off=6999  col_w=8  complete_rows=3140  partial=4096 B  bytes_hit=25120
  [SEFI-column] SEFI-col 'input'  col_off=6999  col_w=8  complete_rows=18  partial=5152 B  bytes_hit=144
  [SEFI-column] SEFI-col 'output'  col_off=6999  col_w=8  complete_rows=0  partial=1008 B  bytes_hit=0
  [SEFI-column] SEFI-col TOTAL  bytes=25264 (weights=25120 input=144 output=0)  bits~101510
  [SEFI-column] SEFI-col 'weights'  col_off=2353  col_w=8  complete_rows=3140  partial=4096 B  bytes_hit=25128
  [SEFI-column] SEFI-col 'input'  col_off=2353  col_w=8  complete_rows=18  partial=5152 B  bytes_hit=152
  [SEFI-column] SEFI-col 'output'  col_off=2353  col_w=8  complete_rows=0  partial=1008 B  bytes_hit=0
  [SEFI-column] SEFI-col TOTAL  bytes=25280 (weights=25128 input=152 output=0)  bits~101024
  [SEFI-column] SEFI-col 'weights'  col_off=828  col_w=8  complete_rows=3140  partial=4096 B  bytes_hit=25128
  [SEFI-column] SEFI-col 'input'  col_off=828  col_w=8  complete_rows=18  partial=5152 B  bytes_hit=152
  [SEFI-column] SEFI-col 'output'  col_off=828  col_w=8  complete_rows=0  partial=1008 B  bytes_hit=8
  [SEFI-column] SEFI-col TOTAL  bytes=25288 (weights=25128 input=152 output=8)  bits~101414
  [SEFI-column] SEFI-col 'weights'  col_off=5372  col_w=8  complete_rows=3140  partial=4096 B  bytes_hit=25120
  [SEFI-column] SEFI-col 'input'  col_off=5372  col_w=8  complete_rows=18  partial=5152 B  bytes_hit=144
  [SEFI-column] SEFI-col 'output'  col_off=5372  col_w=8  complete_rows=0  partial=1008 B  bytes_hit=0
  [SEFI-column] SEFI-col TOTAL  bytes=25264 (weights=25120 input=144 output=0)  bits~101462
  [SEFI-column] SEFI-col 'weights'  col_off=2769  col_w=8  complete_rows=3140  partial=4096 B  bytes_hit=25128
  [SEFI-column] SEFI-col 'input'  col_off=2769  col_w=8  complete_rows=18  partial=5152 B  bytes_hit=152
  [SEFI-column] SEFI-col 'output'  col_off=2769  col_w=8  complete_rows=0  partial=1008 B  bytes_hit=0
  [SEFI-column] SEFI-col TOTAL  bytes=25280 (weights=25128 input=152 output=0)  bits~101298
  [SEFI-column] SEFI-col 'weights'  col_off=1550  col_w=8  complete_rows=3140  partial=4096 B  bytes_hit=25128
  [SEFI-column] SEFI-col 'input'  col_off=1550  col_w=8  complete_rows=18  partial=5152 B  bytes_hit=152
  [SEFI-column] SEFI-col 'output'  col_off=1550  col_w=8  complete_rows=0  partial=1008 B  bytes_hit=0
  [SEFI-column] SEFI-col TOTAL  bytes=25280 (weights=25128 input=152 output=0)  bits~101895
  [SEFI-column] SEFI-col 'weights'  col_off=3251  col_w=8  complete_rows=3140  partial=4096 B  bytes_hit=25128
  [SEFI-column] SEFI-col 'input'  col_off=3251  col_w=8  complete_rows=18  partial=5152 B  bytes_hit=152
  [SEFI-column] SEFI-col 'output'  col_off=3251  col_w=8  complete_rows=0  partial=1008 B  bytes_hit=0
  [SEFI-column] SEFI-col TOTAL  bytes=25280 (weights=25128 input=152 output=0)  bits~101748
  [SEFI-column] SEFI-col 'weights'  col_off=7981  col_w=8  complete_rows=3140  partial=4096 B  bytes_hit=25120
  [SEFI-column] SEFI-col 'input'  col_off=7981  col_w=8  complete_rows=18  partial=5152 B  bytes_hit=144
  [SEFI-column] SEFI-col 'output'  col_off=7981  col_w=8  complete_rows=0  partial=1008 B  bytes_hit=0
  [SEFI-column] SEFI-col TOTAL  bytes=25264 (weights=25120 input=144 output=0)  bits~101412
  [SEFI-column] SEFI-col 'weights'  col_off=1991  col_w=8  complete_rows=3140  partial=4096 B  bytes_hit=25128
  [SEFI-column] SEFI-col 'input'  col_off=1991  col_w=8  complete_rows=18  partial=5152 B  bytes_hit=152
  [SEFI-column] SEFI-col 'output'  col_off=1991  col_w=8  complete_rows=0  partial=1008 B  bytes_hit=0
  [SEFI-column] SEFI-col TOTAL  bytes=25280 (weights=25128 input=152 output=0)  bits~101027
  [SEFI-column] SEFI-col 'weights'  col_off=2006  col_w=8  complete_rows=3140  partial=4096 B  bytes_hit=25128
  [SEFI-column] SEFI-col 'input'  col_off=2006  col_w=8  complete_rows=18  partial=5152 B  bytes_hit=152
  [SEFI-column] SEFI-col 'output'  col_off=2006  col_w=8  complete_rows=0  partial=1008 B  bytes_hit=0
  [SEFI-column] SEFI-col TOTAL  bytes=25280 (weights=25128 input=152 output=0)  bits~101199
  [SEFI-column] SEFI-col 'weights'  col_off=3252  col_w=8  complete_rows=3140  partial=4096 B  bytes_hit=25128
  [SEFI-column] SEFI-col 'input'  col_off=3252  col_w=8  complete_rows=18  partial=5152 B  bytes_hit=152
  [SEFI-column] SEFI-col 'output'  col_off=3252  col_w=8  complete_rows=0  partial=1008 B  bytes_hit=0
  [SEFI-column] SEFI-col TOTAL  bytes=25280 (weights=25128 input=152 output=0)  bits~101367
  [SEFI-column] SEFI-col 'weights'  col_off=5914  col_w=8  complete_rows=3140  partial=4096 B  bytes_hit=25120
  [SEFI-column] SEFI-col 'input'  col_off=5914  col_w=8  complete_rows=18  partial=5152 B  bytes_hit=144
  [SEFI-column] SEFI-col 'output'  col_off=5914  col_w=8  complete_rows=0  partial=1008 B  bytes_hit=0
  [SEFI-column] SEFI-col TOTAL  bytes=25264 (weights=25120 input=144 output=0)  bits~101315
  [SEFI-column] SEFI-col 'weights'  col_off=1858  col_w=8  complete_rows=3140  partial=4096 B  bytes_hit=25128
  [SEFI-column] SEFI-col 'input'  col_off=1858  col_w=8  complete_rows=18  partial=5152 B  bytes_hit=152
  [SEFI-column] SEFI-col 'output'  col_off=1858  col_w=8  complete_rows=0  partial=1008 B  bytes_hit=0
  [SEFI-column] SEFI-col TOTAL  bytes=25280 (weights=25128 input=152 output=0)  bits~101578
  [SEFI-column] SEFI-col 'weights'  col_off=7831  col_w=8  complete_rows=3140  partial=4096 B  bytes_hit=25120
  [SEFI-column] SEFI-col 'input'  col_off=7831  col_w=8  complete_rows=18  partial=5152 B  bytes_hit=144
  [SEFI-column] SEFI-col 'output'  col_off=7831  col_w=8  complete_rows=0  partial=1008 B  bytes_hit=0
  [SEFI-column] SEFI-col TOTAL  bytes=25264 (weights=25120 input=144 output=0)  bits~101962
  [SEFI-column] SEFI-col 'weights'  col_off=7273  col_w=8  complete_rows=3140  partial=4096 B  bytes_hit=25120
  [SEFI-column] SEFI-col 'input'  col_off=7273  col_w=8  complete_rows=18  partial=5152 B  bytes_hit=144
  [SEFI-column] SEFI-col 'output'  col_off=7273  col_w=8  complete_rows=0  partial=1008 B  bytes_hit=0
  [SEFI-column] SEFI-col TOTAL  bytes=25264 (weights=25120 input=144 output=0)  bits~101498
  [SEFI-column] SEFI-col 'weights'  col_off=2069  col_w=8  complete_rows=3140  partial=4096 B  bytes_hit=25128
  [SEFI-column] SEFI-col 'input'  col_off=2069  col_w=8  complete_rows=18  partial=5152 B  bytes_hit=152
  [SEFI-column] SEFI-col 'output'  col_off=2069  col_w=8  complete_rows=0  partial=1008 B  bytes_hit=0
  [SEFI-column] SEFI-col TOTAL  bytes=25280 (weights=25128 input=152 output=0)  bits~101544
  [SEFI-column] SEFI-col 'weights'  col_off=5347  col_w=8  complete_rows=3140  partial=4096 B  bytes_hit=25120
  [SEFI-column] SEFI-col 'input'  col_off=5347  col_w=8  complete_rows=18  partial=5152 B  bytes_hit=144
  [SEFI-column] SEFI-col 'output'  col_off=5347  col_w=8  complete_rows=0  partial=1008 B  bytes_hit=0
  [SEFI-column] SEFI-col TOTAL  bytes=25264 (weights=25120 input=144 output=0)  bits~101507
  [SEFI-column] SEFI-col 'weights'  col_off=2937  col_w=8  complete_rows=3140  partial=4096 B  bytes_hit=25128
  [SEFI-column] SEFI-col 'input'  col_off=2937  col_w=8  complete_rows=18  partial=5152 B  bytes_hit=152
  [SEFI-column] SEFI-col 'output'  col_off=2937  col_w=8  complete_rows=0  partial=1008 B  bytes_hit=0
  [SEFI-column] SEFI-col TOTAL  bytes=25280 (weights=25128 input=152 output=0)  bits~101041
  [SEFI-column] SEFI-col 'weights'  col_off=410  col_w=8  complete_rows=3140  partial=4096 B  bytes_hit=25128
  [SEFI-column] SEFI-col 'input'  col_off=410  col_w=8  complete_rows=18  partial=5152 B  bytes_hit=152
  [SEFI-column] SEFI-col 'output'  col_off=410  col_w=8  complete_rows=0  partial=1008 B  bytes_hit=8
  [SEFI-column] SEFI-col TOTAL  bytes=25288 (weights=25128 input=152 output=8)  bits~101071
  [SEFI-column] SEFI-col 'weights'  col_off=7132  col_w=8  complete_rows=3140  partial=4096 B  bytes_hit=25120
  [SEFI-column] SEFI-col 'input'  col_off=7132  col_w=8  complete_rows=18  partial=5152 B  bytes_hit=144
  [SEFI-column] SEFI-col 'output'  col_off=7132  col_w=8  complete_rows=0  partial=1008 B  bytes_hit=0
  [SEFI-column] SEFI-col TOTAL  bytes=25264 (weights=25120 input=144 output=0)  bits~101361
  [SEFI-column] SEFI-col 'weights'  col_off=6760  col_w=8  complete_rows=3140  partial=4096 B  bytes_hit=25120
  [SEFI-column] SEFI-col 'input'  col_off=6760  col_w=8  complete_rows=18  partial=5152 B  bytes_hit=144
  [SEFI-column] SEFI-col 'output'  col_off=6760  col_w=8  complete_rows=0  partial=1008 B  bytes_hit=0
  [SEFI-column] SEFI-col TOTAL  bytes=25264 (weights=25120 input=144 output=0)  bits~101365
  [SEFI-column] SEFI-col 'weights'  col_off=4286  col_w=8  complete_rows=3140  partial=4096 B  bytes_hit=25120
  [SEFI-column] SEFI-col 'input'  col_off=4286  col_w=8  complete_rows=18  partial=5152 B  bytes_hit=152
  [SEFI-column] SEFI-col 'output'  col_off=4286  col_w=8  complete_rows=0  partial=1008 B  bytes_hit=0
  [SEFI-column] SEFI-col TOTAL  bytes=25272 (weights=25120 input=152 output=0)  bits~101362
  [SEFI-column] SEFI-col 'weights'  col_off=2428  col_w=8  complete_rows=3140  partial=4096 B  bytes_hit=25128
  [SEFI-column] SEFI-col 'input'  col_off=2428  col_w=8  complete_rows=18  partial=5152 B  bytes_hit=152
  [SEFI-column] SEFI-col 'output'  col_off=2428  col_w=8  complete_rows=0  partial=1008 B  bytes_hit=0
  [SEFI-column] SEFI-col TOTAL  bytes=25280 (weights=25128 input=152 output=0)  bits~101786
  [SEFI-column] SEFI-col 'weights'  col_off=5350  col_w=8  complete_rows=3140  partial=4096 B  bytes_hit=25120
  [SEFI-column] SEFI-col 'input'  col_off=5350  col_w=8  complete_rows=18  partial=5152 B  bytes_hit=144
  [SEFI-column] SEFI-col 'output'  col_off=5350  col_w=8  complete_rows=0  partial=1008 B  bytes_hit=0
  [SEFI-column] SEFI-col TOTAL  bytes=25264 (weights=25120 input=144 output=0)  bits~101562
  [SEFI-column] SEFI-col 'weights'  col_off=74  col_w=8  complete_rows=3140  partial=4096 B  bytes_hit=25128
  [SEFI-column] SEFI-col 'input'  col_off=74  col_w=8  complete_rows=18  partial=5152 B  bytes_hit=152
  [SEFI-column] SEFI-col 'output'  col_off=74  col_w=8  complete_rows=0  partial=1008 B  bytes_hit=8
  [SEFI-column] SEFI-col TOTAL  bytes=25288 (weights=25128 input=152 output=8)  bits~102098
  [SEFI-column] SEFI-col 'weights'  col_off=7680  col_w=8  complete_rows=3140  partial=4096 B  bytes_hit=25120
  [SEFI-column] SEFI-col 'input'  col_off=7680  col_w=8  complete_rows=18  partial=5152 B  bytes_hit=144
  [SEFI-column] SEFI-col 'output'  col_off=7680  col_w=8  complete_rows=0  partial=1008 B  bytes_hit=0
  [SEFI-column] SEFI-col TOTAL  bytes=25264 (weights=25120 input=144 output=0)  bits~101551
  [SEFI-column] SEFI-col 'weights'  col_off=6792  col_w=8  complete_rows=3140  partial=4096 B  bytes_hit=25120
  [SEFI-column] SEFI-col 'input'  col_off=6792  col_w=8  complete_rows=18  partial=5152 B  bytes_hit=144
  [SEFI-column] SEFI-col 'output'  col_off=6792  col_w=8  complete_rows=0  partial=1008 B  bytes_hit=0
  [SEFI-column] SEFI-col TOTAL  bytes=25264 (weights=25120 input=144 output=0)  bits~101453
  [SEFI-column] SEFI-col 'weights'  col_off=6321  col_w=8  complete_rows=3140  partial=4096 B  bytes_hit=25120
  [SEFI-column] SEFI-col 'input'  col_off=6321  col_w=8  complete_rows=18  partial=5152 B  bytes_hit=144
  [SEFI-column] SEFI-col 'output'  col_off=6321  col_w=8  complete_rows=0  partial=1008 B  bytes_hit=0
  [SEFI-column] SEFI-col TOTAL  bytes=25264 (weights=25120 input=144 output=0)  bits~101270
  [SEFI-column] SEFI-col 'weights'  col_off=6330  col_w=8  complete_rows=3140  partial=4096 B  bytes_hit=25120
  [SEFI-column] SEFI-col 'input'  col_off=6330  col_w=8  complete_rows=18  partial=5152 B  bytes_hit=144
  [SEFI-column] SEFI-col 'output'  col_off=6330  col_w=8  complete_rows=0  partial=1008 B  bytes_hit=0
  [SEFI-column] SEFI-col TOTAL  bytes=25264 (weights=25120 input=144 output=0)  bits~101334
  [SEFI-column] SEFI-col 'weights'  col_off=2935  col_w=8  complete_rows=3140  partial=4096 B  bytes_hit=25128
  [SEFI-column] SEFI-col 'input'  col_off=2935  col_w=8  complete_rows=18  partial=5152 B  bytes_hit=152
  [SEFI-column] SEFI-col 'output'  col_off=2935  col_w=8  complete_rows=0  partial=1008 B  bytes_hit=0
  [SEFI-column] SEFI-col TOTAL  bytes=25280 (weights=25128 input=152 output=0)  bits~101643
[Summary] target=weights  baseline=75.00%  faulty=34.00%

──── target=input_tensor ────
  [SEFI-column] SEFI-col 'weights'  col_off=7675  col_w=8  complete_rows=3140  partial=4096 B  bytes_hit=25120
  [SEFI-column] SEFI-col 'input'  col_off=7675  col_w=8  complete_rows=18  partial=5152 B  bytes_hit=144
  [SEFI-column] SEFI-col 'output'  col_off=7675  col_w=8  complete_rows=0  partial=1008 B  bytes_hit=0
  [SEFI-column] SEFI-col TOTAL  bytes=25264 (weights=25120 input=144 output=0)  bits~101481
  [SEFI-column] SEFI-col 'weights'  col_off=4994  col_w=8  complete_rows=3140  partial=4096 B  bytes_hit=25120
  [SEFI-column] SEFI-col 'input'  col_off=4994  col_w=8  complete_rows=18  partial=5152 B  bytes_hit=152
  [SEFI-column] SEFI-col 'output'  col_off=4994  col_w=8  complete_rows=0  partial=1008 B  bytes_hit=0
  [SEFI-column] SEFI-col TOTAL  bytes=25272 (weights=25120 input=152 output=0)  bits~101439
  [SEFI-column] SEFI-col 'weights'  col_off=2855  col_w=8  complete_rows=3140  partial=4096 B  bytes_hit=25128
  [SEFI-column] SEFI-col 'input'  col_off=2855  col_w=8  complete_rows=18  partial=5152 B  bytes_hit=152
  [SEFI-column] SEFI-col 'output'  col_off=2855  col_w=8  complete_rows=0  partial=1008 B  bytes_hit=0
  [SEFI-column] SEFI-col TOTAL  bytes=25280 (weights=25128 input=152 output=0)  bits~101436
  [SEFI-column] SEFI-col 'weights'  col_off=2405  col_w=8  complete_rows=3140  partial=4096 B  bytes_hit=25128
  [SEFI-column] SEFI-col 'input'  col_off=2405  col_w=8  complete_rows=18  partial=5152 B  bytes_hit=152
  [SEFI-column] SEFI-col 'output'  col_off=2405  col_w=8  complete_rows=0  partial=1008 B  bytes_hit=0
  [SEFI-column] SEFI-col TOTAL  bytes=25280 (weights=25128 input=152 output=0)  bits~101530
  [SEFI-column] SEFI-col 'weights'  col_off=338  col_w=8  complete_rows=3140  partial=4096 B  bytes_hit=25128
  [SEFI-column] SEFI-col 'input'  col_off=338  col_w=8  complete_rows=18  partial=5152 B  bytes_hit=152
  [SEFI-column] SEFI-col 'output'  col_off=338  col_w=8  complete_rows=0  partial=1008 B  bytes_hit=8
  [SEFI-column] SEFI-col TOTAL  bytes=25288 (weights=25128 input=152 output=8)  bits~101228
  [SEFI-column] SEFI-col 'weights'  col_off=6257  col_w=8  complete_rows=3140  partial=4096 B  bytes_hit=25120
  [SEFI-column] SEFI-col 'input'  col_off=6257  col_w=8  complete_rows=18  partial=5152 B  bytes_hit=144
  [SEFI-column] SEFI-col 'output'  col_off=6257  col_w=8  complete_rows=0  partial=1008 B  bytes_hit=0
  [SEFI-column] SEFI-col TOTAL  bytes=25264 (weights=25120 input=144 output=0)  bits~101137
  [SEFI-column] SEFI-col 'weights'  col_off=6577  col_w=8  complete_rows=3140  partial=4096 B  bytes_hit=25120
  [SEFI-column] SEFI-col 'input'  col_off=6577  col_w=8  complete_rows=18  partial=5152 B  bytes_hit=144
  [SEFI-column] SEFI-col 'output'  col_off=6577  col_w=8  complete_rows=0  partial=1008 B  bytes_hit=0
  [SEFI-column] SEFI-col TOTAL  bytes=25264 (weights=25120 input=144 output=0)  bits~101225
  [SEFI-column] SEFI-col 'weights'  col_off=5055  col_w=8  complete_rows=3140  partial=4096 B  bytes_hit=25120
  [SEFI-column] SEFI-col 'input'  col_off=5055  col_w=8  complete_rows=18  partial=5152 B  bytes_hit=152
  [SEFI-column] SEFI-col 'output'  col_off=5055  col_w=8  complete_rows=0  partial=1008 B  bytes_hit=0
  [SEFI-column] SEFI-col TOTAL  bytes=25272 (weights=25120 input=152 output=0)  bits~101559
  [SEFI-column] SEFI-col 'weights'  col_off=7928  col_w=8  complete_rows=3140  partial=4096 B  bytes_hit=25120
  [SEFI-column] SEFI-col 'input'  col_off=7928  col_w=8  complete_rows=18  partial=5152 B  bytes_hit=144
  [SEFI-column] SEFI-col 'output'  col_off=7928  col_w=8  complete_rows=0  partial=1008 B  bytes_hit=0
  [SEFI-column] SEFI-col TOTAL  bytes=25264 (weights=25120 input=144 output=0)  bits~101466
  [SEFI-column] SEFI-col 'weights'  col_off=4217  col_w=8  complete_rows=3140  partial=4096 B  bytes_hit=25120
  [SEFI-column] SEFI-col 'input'  col_off=4217  col_w=8  complete_rows=18  partial=5152 B  bytes_hit=152
  [SEFI-column] SEFI-col 'output'  col_off=4217  col_w=8  complete_rows=0  partial=1008 B  bytes_hit=0
  [SEFI-column] SEFI-col TOTAL  bytes=25272 (weights=25120 input=152 output=0)  bits~101607
  [SEFI-column] SEFI-col 'weights'  col_off=572  col_w=8  complete_rows=3140  partial=4096 B  bytes_hit=25128
  [SEFI-column] SEFI-col 'input'  col_off=572  col_w=8  complete_rows=18  partial=5152 B  bytes_hit=152
  [SEFI-column] SEFI-col 'output'  col_off=572  col_w=8  complete_rows=0  partial=1008 B  bytes_hit=8
  [SEFI-column] SEFI-col TOTAL  bytes=25288 (weights=25128 input=152 output=8)  bits~101002
  [SEFI-column] SEFI-col 'weights'  col_off=7100  col_w=8  complete_rows=3140  partial=4096 B  bytes_hit=25120
  [SEFI-column] SEFI-col 'input'  col_off=7100  col_w=8  complete_rows=18  partial=5152 B  bytes_hit=144
  [SEFI-column] SEFI-col 'output'  col_off=7100  col_w=8  complete_rows=0  partial=1008 B  bytes_hit=0
  [SEFI-column] SEFI-col TOTAL  bytes=25264 (weights=25120 input=144 output=0)  bits~101228
  [SEFI-column] SEFI-col 'weights'  col_off=3534  col_w=8  complete_rows=3140  partial=4096 B  bytes_hit=25128
  [SEFI-column] SEFI-col 'input'  col_off=3534  col_w=8  complete_rows=18  partial=5152 B  bytes_hit=152
  [SEFI-column] SEFI-col 'output'  col_off=3534  col_w=8  complete_rows=0  partial=1008 B  bytes_hit=0
  [SEFI-column] SEFI-col TOTAL  bytes=25280 (weights=25128 input=152 output=0)  bits~101783
  [SEFI-column] SEFI-col 'weights'  col_off=4987  col_w=8  complete_rows=3140  partial=4096 B  bytes_hit=25120
  [SEFI-column] SEFI-col 'input'  col_off=4987  col_w=8  complete_rows=18  partial=5152 B  bytes_hit=152
  [SEFI-column] SEFI-col 'output'  col_off=4987  col_w=8  complete_rows=0  partial=1008 B  bytes_hit=0
  [SEFI-column] SEFI-col TOTAL  bytes=25272 (weights=25120 input=152 output=0)  bits~101604
  [SEFI-column] SEFI-col 'weights'  col_off=3673  col_w=8  complete_rows=3140  partial=4096 B  bytes_hit=25128
  [SEFI-column] SEFI-col 'input'  col_off=3673  col_w=8  complete_rows=18  partial=5152 B  bytes_hit=152
  [SEFI-column] SEFI-col 'output'  col_off=3673  col_w=8  complete_rows=0  partial=1008 B  bytes_hit=0
  [SEFI-column] SEFI-col TOTAL  bytes=25280 (weights=25128 input=152 output=0)  bits~101555
  [SEFI-column] SEFI-col 'weights'  col_off=3956  col_w=8  complete_rows=3140  partial=4096 B  bytes_hit=25128
  [SEFI-column] SEFI-col 'input'  col_off=3956  col_w=8  complete_rows=18  partial=5152 B  bytes_hit=152
  [SEFI-column] SEFI-col 'output'  col_off=3956  col_w=8  complete_rows=0  partial=1008 B  bytes_hit=0
  [SEFI-column] SEFI-col TOTAL  bytes=25280 (weights=25128 input=152 output=0)  bits~101492
  [SEFI-column] SEFI-col 'weights'  col_off=5811  col_w=8  complete_rows=3140  partial=4096 B  bytes_hit=25120
  [SEFI-column] SEFI-col 'input'  col_off=5811  col_w=8  complete_rows=18  partial=5152 B  bytes_hit=144
  [SEFI-column] SEFI-col 'output'  col_off=5811  col_w=8  complete_rows=0  partial=1008 B  bytes_hit=0
  [SEFI-column] SEFI-col TOTAL  bytes=25264 (weights=25120 input=144 output=0)  bits~101308
  [SEFI-column] SEFI-col 'weights'  col_off=1976  col_w=8  complete_rows=3140  partial=4096 B  bytes_hit=25128
  [SEFI-column] SEFI-col 'input'  col_off=1976  col_w=8  complete_rows=18  partial=5152 B  bytes_hit=152
  [SEFI-column] SEFI-col 'output'  col_off=1976  col_w=8  complete_rows=0  partial=1008 B  bytes_hit=0
  [SEFI-column] SEFI-col TOTAL  bytes=25280 (weights=25128 input=152 output=0)  bits~101602
  [SEFI-column] SEFI-col 'weights'  col_off=8157  col_w=8  complete_rows=3140  partial=4096 B  bytes_hit=25120
  [SEFI-column] SEFI-col 'input'  col_off=8157  col_w=8  complete_rows=18  partial=5152 B  bytes_hit=144
  [SEFI-column] SEFI-col 'output'  col_off=8157  col_w=8  complete_rows=0  partial=1008 B  bytes_hit=0
  [SEFI-column] SEFI-col TOTAL  bytes=25264 (weights=25120 input=144 output=0)  bits~101394
  [SEFI-column] SEFI-col 'weights'  col_off=3807  col_w=8  complete_rows=3140  partial=4096 B  bytes_hit=25128
  [SEFI-column] SEFI-col 'input'  col_off=3807  col_w=8  complete_rows=18  partial=5152 B  bytes_hit=152
  [SEFI-column] SEFI-col 'output'  col_off=3807  col_w=8  complete_rows=0  partial=1008 B  bytes_hit=0
  [SEFI-column] SEFI-col TOTAL  bytes=25280 (weights=25128 input=152 output=0)  bits~101110
  [SEFI-column] SEFI-col 'weights'  col_off=4656  col_w=8  complete_rows=3140  partial=4096 B  bytes_hit=25120
  [SEFI-column] SEFI-col 'input'  col_off=4656  col_w=8  complete_rows=18  partial=5152 B  bytes_hit=152
  [SEFI-column] SEFI-col 'output'  col_off=4656  col_w=8  complete_rows=0  partial=1008 B  bytes_hit=0
  [SEFI-column] SEFI-col TOTAL  bytes=25272 (weights=25120 input=152 output=0)  bits~101479
  [SEFI-column] SEFI-col 'weights'  col_off=7379  col_w=8  complete_rows=3140  partial=4096 B  bytes_hit=25120
  [SEFI-column] SEFI-col 'input'  col_off=7379  col_w=8  complete_rows=18  partial=5152 B  bytes_hit=144
  [SEFI-column] SEFI-col 'output'  col_off=7379  col_w=8  complete_rows=0  partial=1008 B  bytes_hit=0
  [SEFI-column] SEFI-col TOTAL  bytes=25264 (weights=25120 input=144 output=0)  bits~101669
  [SEFI-column] SEFI-col 'weights'  col_off=3409  col_w=8  complete_rows=3140  partial=4096 B  bytes_hit=25128
  [SEFI-column] SEFI-col 'input'  col_off=3409  col_w=8  complete_rows=18  partial=5152 B  bytes_hit=152
  [SEFI-column] SEFI-col 'output'  col_off=3409  col_w=8  complete_rows=0  partial=1008 B  bytes_hit=0
  [SEFI-column] SEFI-col TOTAL  bytes=25280 (weights=25128 input=152 output=0)  bits~101504
  [SEFI-column] SEFI-col 'weights'  col_off=3314  col_w=8  complete_rows=3140  partial=4096 B  bytes_hit=25128
  [SEFI-column] SEFI-col 'input'  col_off=3314  col_w=8  complete_rows=18  partial=5152 B  bytes_hit=152
  [SEFI-column] SEFI-col 'output'  col_off=3314  col_w=8  complete_rows=0  partial=1008 B  bytes_hit=0
  [SEFI-column] SEFI-col TOTAL  bytes=25280 (weights=25128 input=152 output=0)  bits~101471
  [SEFI-column] SEFI-col 'weights'  col_off=6074  col_w=8  complete_rows=3140  partial=4096 B  bytes_hit=25120
  [SEFI-column] SEFI-col 'input'  col_off=6074  col_w=8  complete_rows=18  partial=5152 B  bytes_hit=144
  [SEFI-column] SEFI-col 'output'  col_off=6074  col_w=8  complete_rows=0  partial=1008 B  bytes_hit=0
  [SEFI-column] SEFI-col TOTAL  bytes=25264 (weights=25120 input=144 output=0)  bits~101308
  [SEFI-column] SEFI-col 'weights'  col_off=580  col_w=8  complete_rows=3140  partial=4096 B  bytes_hit=25128
  [SEFI-column] SEFI-col 'input'  col_off=580  col_w=8  complete_rows=18  partial=5152 B  bytes_hit=152
  [SEFI-column] SEFI-col 'output'  col_off=580  col_w=8  complete_rows=0  partial=1008 B  bytes_hit=8
  [SEFI-column] SEFI-col TOTAL  bytes=25288 (weights=25128 input=152 output=8)  bits~101622
  [SEFI-column] SEFI-col 'weights'  col_off=6405  col_w=8  complete_rows=3140  partial=4096 B  bytes_hit=25120
  [SEFI-column] SEFI-col 'input'  col_off=6405  col_w=8  complete_rows=18  partial=5152 B  bytes_hit=144
  [SEFI-column] SEFI-col 'output'  col_off=6405  col_w=8  complete_rows=0  partial=1008 B  bytes_hit=0
  [SEFI-column] SEFI-col TOTAL  bytes=25264 (weights=25120 input=144 output=0)  bits~101363
  [SEFI-column] SEFI-col 'weights'  col_off=7733  col_w=8  complete_rows=3140  partial=4096 B  bytes_hit=25120
  [SEFI-column] SEFI-col 'input'  col_off=7733  col_w=8  complete_rows=18  partial=5152 B  bytes_hit=144
  [SEFI-column] SEFI-col 'output'  col_off=7733  col_w=8  complete_rows=0  partial=1008 B  bytes_hit=0
  [SEFI-column] SEFI-col TOTAL  bytes=25264 (weights=25120 input=144 output=0)  bits~101394
  [SEFI-column] SEFI-col 'weights'  col_off=4853  col_w=8  complete_rows=3140  partial=4096 B  bytes_hit=25120
  [SEFI-column] SEFI-col 'input'  col_off=4853  col_w=8  complete_rows=18  partial=5152 B  bytes_hit=152
  [SEFI-column] SEFI-col 'output'  col_off=4853  col_w=8  complete_rows=0  partial=1008 B  bytes_hit=0
  [SEFI-column] SEFI-col TOTAL  bytes=25272 (weights=25120 input=152 output=0)  bits~101276
  [SEFI-column] SEFI-col 'weights'  col_off=881  col_w=8  complete_rows=3140  partial=4096 B  bytes_hit=25128
  [SEFI-column] SEFI-col 'input'  col_off=881  col_w=8  complete_rows=18  partial=5152 B  bytes_hit=152
  [SEFI-column] SEFI-col 'output'  col_off=881  col_w=8  complete_rows=0  partial=1008 B  bytes_hit=8
  [SEFI-column] SEFI-col TOTAL  bytes=25288 (weights=25128 input=152 output=8)  bits~101570
  [SEFI-column] SEFI-col 'weights'  col_off=6815  col_w=8  complete_rows=3140  partial=4096 B  bytes_hit=25120
  [SEFI-column] SEFI-col 'input'  col_off=6815  col_w=8  complete_rows=18  partial=5152 B  bytes_hit=144
  [SEFI-column] SEFI-col 'output'  col_off=6815  col_w=8  complete_rows=0  partial=1008 B  bytes_hit=0
  [SEFI-column] SEFI-col TOTAL  bytes=25264 (weights=25120 input=144 output=0)  bits~101371
  [SEFI-column] SEFI-col 'weights'  col_off=6590  col_w=8  complete_rows=3140  partial=4096 B  bytes_hit=25120
  [SEFI-column] SEFI-col 'input'  col_off=6590  col_w=8  complete_rows=18  partial=5152 B  bytes_hit=144
  [SEFI-column] SEFI-col 'output'  col_off=6590  col_w=8  complete_rows=0  partial=1008 B  bytes_hit=0
  [SEFI-column] SEFI-col TOTAL  bytes=25264 (weights=25120 input=144 output=0)  bits~101563
  [SEFI-column] SEFI-col 'weights'  col_off=4180  col_w=8  complete_rows=3140  partial=4096 B  bytes_hit=25120
  [SEFI-column] SEFI-col 'input'  col_off=4180  col_w=8  complete_rows=18  partial=5152 B  bytes_hit=152
  [SEFI-column] SEFI-col 'output'  col_off=4180  col_w=8  complete_rows=0  partial=1008 B  bytes_hit=0
  [SEFI-column] SEFI-col TOTAL  bytes=25272 (weights=25120 input=152 output=0)  bits~101619
  [SEFI-column] SEFI-col 'weights'  col_off=3206  col_w=8  complete_rows=3140  partial=4096 B  bytes_hit=25128
  [SEFI-column] SEFI-col 'input'  col_off=3206  col_w=8  complete_rows=18  partial=5152 B  bytes_hit=152
  [SEFI-column] SEFI-col 'output'  col_off=3206  col_w=8  complete_rows=0  partial=1008 B  bytes_hit=0
  [SEFI-column] SEFI-col TOTAL  bytes=25280 (weights=25128 input=152 output=0)  bits~101641
  [SEFI-column] SEFI-col 'weights'  col_off=471  col_w=8  complete_rows=3140  partial=4096 B  bytes_hit=25128
  [SEFI-column] SEFI-col 'input'  col_off=471  col_w=8  complete_rows=18  partial=5152 B  bytes_hit=152
  [SEFI-column] SEFI-col 'output'  col_off=471  col_w=8  complete_rows=0  partial=1008 B  bytes_hit=8
  [SEFI-column] SEFI-col TOTAL  bytes=25288 (weights=25128 input=152 output=8)  bits~101302
  [SEFI-column] SEFI-col 'weights'  col_off=8142  col_w=8  complete_rows=3140  partial=4096 B  bytes_hit=25120
  [SEFI-column] SEFI-col 'input'  col_off=8142  col_w=8  complete_rows=18  partial=5152 B  bytes_hit=144
  [SEFI-column] SEFI-col 'output'  col_off=8142  col_w=8  complete_rows=0  partial=1008 B  bytes_hit=0
  [SEFI-column] SEFI-col TOTAL  bytes=25264 (weights=25120 input=144 output=0)  bits~101192
  [SEFI-column] SEFI-col 'weights'  col_off=5084  col_w=8  complete_rows=3140  partial=4096 B  bytes_hit=25120
  [SEFI-column] SEFI-col 'input'  col_off=5084  col_w=8  complete_rows=18  partial=5152 B  bytes_hit=152
  [SEFI-column] SEFI-col 'output'  col_off=5084  col_w=8  complete_rows=0  partial=1008 B  bytes_hit=0
  [SEFI-column] SEFI-col TOTAL  bytes=25272 (weights=25120 input=152 output=0)  bits~101599
  [SEFI-column] SEFI-col 'weights'  col_off=5960  col_w=8  complete_rows=3140  partial=4096 B  bytes_hit=25120
  [SEFI-column] SEFI-col 'input'  col_off=5960  col_w=8  complete_rows=18  partial=5152 B  bytes_hit=144
  [SEFI-column] SEFI-col 'output'  col_off=5960  col_w=8  complete_rows=0  partial=1008 B  bytes_hit=0
  [SEFI-column] SEFI-col TOTAL  bytes=25264 (weights=25120 input=144 output=0)  bits~101792
  [SEFI-column] SEFI-col 'weights'  col_off=1008  col_w=8  complete_rows=3140  partial=4096 B  bytes_hit=25128
  [SEFI-column] SEFI-col 'input'  col_off=1008  col_w=8  complete_rows=18  partial=5152 B  bytes_hit=152
  [SEFI-column] SEFI-col 'output'  col_off=1008  col_w=8  complete_rows=0  partial=1008 B  bytes_hit=0
  [SEFI-column] SEFI-col TOTAL  bytes=25280 (weights=25128 input=152 output=0)  bits~101619
  [SEFI-column] SEFI-col 'weights'  col_off=6207  col_w=8  complete_rows=3140  partial=4096 B  bytes_hit=25120
  [SEFI-column] SEFI-col 'input'  col_off=6207  col_w=8  complete_rows=18  partial=5152 B  bytes_hit=144
  [SEFI-column] SEFI-col 'output'  col_off=6207  col_w=8  complete_rows=0  partial=1008 B  bytes_hit=0
  [SEFI-column] SEFI-col TOTAL  bytes=25264 (weights=25120 input=144 output=0)  bits~100944
  [SEFI-column] SEFI-col 'weights'  col_off=4304  col_w=8  complete_rows=3140  partial=4096 B  bytes_hit=25120
  [SEFI-column] SEFI-col 'input'  col_off=4304  col_w=8  complete_rows=18  partial=5152 B  bytes_hit=152
  [SEFI-column] SEFI-col 'output'  col_off=4304  col_w=8  complete_rows=0  partial=1008 B  bytes_hit=0
  [SEFI-column] SEFI-col TOTAL  bytes=25272 (weights=25120 input=152 output=0)  bits~101127
  [SEFI-column] SEFI-col 'weights'  col_off=5783  col_w=8  complete_rows=3140  partial=4096 B  bytes_hit=25120
  [SEFI-column] SEFI-col 'input'  col_off=5783  col_w=8  complete_rows=18  partial=5152 B  bytes_hit=144
  [SEFI-column] SEFI-col 'output'  col_off=5783  col_w=8  complete_rows=0  partial=1008 B  bytes_hit=0
  [SEFI-column] SEFI-col TOTAL  bytes=25264 (weights=25120 input=144 output=0)  bits~101395
  [SEFI-column] SEFI-col 'weights'  col_off=5319  col_w=8  complete_rows=3140  partial=4096 B  bytes_hit=25120
  [SEFI-column] SEFI-col 'input'  col_off=5319  col_w=8  complete_rows=18  partial=5152 B  bytes_hit=144
  [SEFI-column] SEFI-col 'output'  col_off=5319  col_w=8  complete_rows=0  partial=1008 B  bytes_hit=0
  [SEFI-column] SEFI-col TOTAL  bytes=25264 (weights=25120 input=144 output=0)  bits~101289
  [SEFI-column] SEFI-col 'weights'  col_off=7649  col_w=8  complete_rows=3140  partial=4096 B  bytes_hit=25120
  [SEFI-column] SEFI-col 'input'  col_off=7649  col_w=8  complete_rows=18  partial=5152 B  bytes_hit=144
  [SEFI-column] SEFI-col 'output'  col_off=7649  col_w=8  complete_rows=0  partial=1008 B  bytes_hit=0
  [SEFI-column] SEFI-col TOTAL  bytes=25264 (weights=25120 input=144 output=0)  bits~101266
  [SEFI-column] SEFI-col 'weights'  col_off=1907  col_w=8  complete_rows=3140  partial=4096 B  bytes_hit=25128
  [SEFI-column] SEFI-col 'input'  col_off=1907  col_w=8  complete_rows=18  partial=5152 B  bytes_hit=152
  [SEFI-column] SEFI-col 'output'  col_off=1907  col_w=8  complete_rows=0  partial=1008 B  bytes_hit=0
  [SEFI-column] SEFI-col TOTAL  bytes=25280 (weights=25128 input=152 output=0)  bits~101780
  [SEFI-column] SEFI-col 'weights'  col_off=3519  col_w=8  complete_rows=3140  partial=4096 B  bytes_hit=25128
  [SEFI-column] SEFI-col 'input'  col_off=3519  col_w=8  complete_rows=18  partial=5152 B  bytes_hit=152
  [SEFI-column] SEFI-col 'output'  col_off=3519  col_w=8  complete_rows=0  partial=1008 B  bytes_hit=0
  [SEFI-column] SEFI-col TOTAL  bytes=25280 (weights=25128 input=152 output=0)  bits~101603
  [SEFI-column] SEFI-col 'weights'  col_off=2913  col_w=8  complete_rows=3140  partial=4096 B  bytes_hit=25128
  [SEFI-column] SEFI-col 'input'  col_off=2913  col_w=8  complete_rows=18  partial=5152 B  bytes_hit=152
  [SEFI-column] SEFI-col 'output'  col_off=2913  col_w=8  complete_rows=0  partial=1008 B  bytes_hit=0
  [SEFI-column] SEFI-col TOTAL  bytes=25280 (weights=25128 input=152 output=0)  bits~101488
  [SEFI-column] SEFI-col 'weights'  col_off=464  col_w=8  complete_rows=3140  partial=4096 B  bytes_hit=25128
  [SEFI-column] SEFI-col 'input'  col_off=464  col_w=8  complete_rows=18  partial=5152 B  bytes_hit=152
  [SEFI-column] SEFI-col 'output'  col_off=464  col_w=8  complete_rows=0  partial=1008 B  bytes_hit=8
  [SEFI-column] SEFI-col TOTAL  bytes=25288 (weights=25128 input=152 output=8)  bits~101591
  [SEFI-column] SEFI-col 'weights'  col_off=4402  col_w=8  complete_rows=3140  partial=4096 B  bytes_hit=25120
  [SEFI-column] SEFI-col 'input'  col_off=4402  col_w=8  complete_rows=18  partial=5152 B  bytes_hit=152
  [SEFI-column] SEFI-col 'output'  col_off=4402  col_w=8  complete_rows=0  partial=1008 B  bytes_hit=0
  [SEFI-column] SEFI-col TOTAL  bytes=25272 (weights=25120 input=152 output=0)  bits~101487
  [SEFI-column] SEFI-col 'weights'  col_off=255  col_w=8  complete_rows=3140  partial=4096 B  bytes_hit=25128
  [SEFI-column] SEFI-col 'input'  col_off=255  col_w=8  complete_rows=18  partial=5152 B  bytes_hit=152
  [SEFI-column] SEFI-col 'output'  col_off=255  col_w=8  complete_rows=0  partial=1008 B  bytes_hit=8
  [SEFI-column] SEFI-col TOTAL  bytes=25288 (weights=25128 input=152 output=8)  bits~101898
  [SEFI-column] SEFI-col 'weights'  col_off=5257  col_w=8  complete_rows=3140  partial=4096 B  bytes_hit=25120
  [SEFI-column] SEFI-col 'input'  col_off=5257  col_w=8  complete_rows=18  partial=5152 B  bytes_hit=144
  [SEFI-column] SEFI-col 'output'  col_off=5257  col_w=8  complete_rows=0  partial=1008 B  bytes_hit=0
  [SEFI-column] SEFI-col TOTAL  bytes=25264 (weights=25120 input=144 output=0)  bits~101273
  [SEFI-column] SEFI-col 'weights'  col_off=3858  col_w=8  complete_rows=3140  partial=4096 B  bytes_hit=25128
  [SEFI-column] SEFI-col 'input'  col_off=3858  col_w=8  complete_rows=18  partial=5152 B  bytes_hit=152
  [SEFI-column] SEFI-col 'output'  col_off=3858  col_w=8  complete_rows=0  partial=1008 B  bytes_hit=0
  [SEFI-column] SEFI-col TOTAL  bytes=25280 (weights=25128 input=152 output=0)  bits~100901
  [SEFI-column] SEFI-col 'weights'  col_off=5763  col_w=8  complete_rows=3140  partial=4096 B  bytes_hit=25120
  [SEFI-column] SEFI-col 'input'  col_off=5763  col_w=8  complete_rows=18  partial=5152 B  bytes_hit=144
  [SEFI-column] SEFI-col 'output'  col_off=5763  col_w=8  complete_rows=0  partial=1008 B  bytes_hit=0
  [SEFI-column] SEFI-col TOTAL  bytes=25264 (weights=25120 input=144 output=0)  bits~101175
  [SEFI-column] SEFI-col 'weights'  col_off=6064  col_w=8  complete_rows=3140  partial=4096 B  bytes_hit=25120
  [SEFI-column] SEFI-col 'input'  col_off=6064  col_w=8  complete_rows=18  partial=5152 B  bytes_hit=144
  [SEFI-column] SEFI-col 'output'  col_off=6064  col_w=8  complete_rows=0  partial=1008 B  bytes_hit=0
  [SEFI-column] SEFI-col TOTAL  bytes=25264 (weights=25120 input=144 output=0)  bits~101181
  [SEFI-column] SEFI-col 'weights'  col_off=4123  col_w=8  complete_rows=3140  partial=4096 B  bytes_hit=25120
  [SEFI-column] SEFI-col 'input'  col_off=4123  col_w=8  complete_rows=18  partial=5152 B  bytes_hit=152
  [SEFI-column] SEFI-col 'output'  col_off=4123  col_w=8  complete_rows=0  partial=1008 B  bytes_hit=0
  [SEFI-column] SEFI-col TOTAL  bytes=25272 (weights=25120 input=152 output=0)  bits~101592
  [SEFI-column] SEFI-col 'weights'  col_off=1639  col_w=8  complete_rows=3140  partial=4096 B  bytes_hit=25128
  [SEFI-column] SEFI-col 'input'  col_off=1639  col_w=8  complete_rows=18  partial=5152 B  bytes_hit=152
  [SEFI-column] SEFI-col 'output'  col_off=1639  col_w=8  complete_rows=0  partial=1008 B  bytes_hit=0
  [SEFI-column] SEFI-col TOTAL  bytes=25280 (weights=25128 input=152 output=0)  bits~102162
  [SEFI-column] SEFI-col 'weights'  col_off=1594  col_w=8  complete_rows=3140  partial=4096 B  bytes_hit=25128
  [SEFI-column] SEFI-col 'input'  col_off=1594  col_w=8  complete_rows=18  partial=5152 B  bytes_hit=152
  [SEFI-column] SEFI-col 'output'  col_off=1594  col_w=8  complete_rows=0  partial=1008 B  bytes_hit=0
  [SEFI-column] SEFI-col TOTAL  bytes=25280 (weights=25128 input=152 output=0)  bits~101476
  [SEFI-column] SEFI-col 'weights'  col_off=4061  col_w=8  complete_rows=3140  partial=4096 B  bytes_hit=25128
  [SEFI-column] SEFI-col 'input'  col_off=4061  col_w=8  complete_rows=18  partial=5152 B  bytes_hit=152
  [SEFI-column] SEFI-col 'output'  col_off=4061  col_w=8  complete_rows=0  partial=1008 B  bytes_hit=0
  [SEFI-column] SEFI-col TOTAL  bytes=25280 (weights=25128 input=152 output=0)  bits~101312
  [SEFI-column] SEFI-col 'weights'  col_off=6024  col_w=8  complete_rows=3140  partial=4096 B  bytes_hit=25120
  [SEFI-column] SEFI-col 'input'  col_off=6024  col_w=8  complete_rows=18  partial=5152 B  bytes_hit=144
  [SEFI-column] SEFI-col 'output'  col_off=6024  col_w=8  complete_rows=0  partial=1008 B  bytes_hit=0
  [SEFI-column] SEFI-col TOTAL  bytes=25264 (weights=25120 input=144 output=0)  bits~101432
  [SEFI-column] SEFI-col 'weights'  col_off=6294  col_w=8  complete_rows=3140  partial=4096 B  bytes_hit=25120
  [SEFI-column] SEFI-col 'input'  col_off=6294  col_w=8  complete_rows=18  partial=5152 B  bytes_hit=144
  [SEFI-column] SEFI-col 'output'  col_off=6294  col_w=8  complete_rows=0  partial=1008 B  bytes_hit=0
  [SEFI-column] SEFI-col TOTAL  bytes=25264 (weights=25120 input=144 output=0)  bits~102025
  [SEFI-column] SEFI-col 'weights'  col_off=1403  col_w=8  complete_rows=3140  partial=4096 B  bytes_hit=25128
  [SEFI-column] SEFI-col 'input'  col_off=1403  col_w=8  complete_rows=18  partial=5152 B  bytes_hit=152
  [SEFI-column] SEFI-col 'output'  col_off=1403  col_w=8  complete_rows=0  partial=1008 B  bytes_hit=0
  [SEFI-column] SEFI-col TOTAL  bytes=25280 (weights=25128 input=152 output=0)  bits~101396
  [SEFI-column] SEFI-col 'weights'  col_off=5604  col_w=8  complete_rows=3140  partial=4096 B  bytes_hit=25120
  [SEFI-column] SEFI-col 'input'  col_off=5604  col_w=8  complete_rows=18  partial=5152 B  bytes_hit=144
  [SEFI-column] SEFI-col 'output'  col_off=5604  col_w=8  complete_rows=0  partial=1008 B  bytes_hit=0
  [SEFI-column] SEFI-col TOTAL  bytes=25264 (weights=25120 input=144 output=0)  bits~101379
  [SEFI-column] SEFI-col 'weights'  col_off=1232  col_w=8  complete_rows=3140  partial=4096 B  bytes_hit=25128
  [SEFI-column] SEFI-col 'input'  col_off=1232  col_w=8  complete_rows=18  partial=5152 B  bytes_hit=152
  [SEFI-column] SEFI-col 'output'  col_off=1232  col_w=8  complete_rows=0  partial=1008 B  bytes_hit=0
  [SEFI-column] SEFI-col TOTAL  bytes=25280 (weights=25128 input=152 output=0)  bits~101404
  [SEFI-column] SEFI-col 'weights'  col_off=1580  col_w=8  complete_rows=3140  partial=4096 B  bytes_hit=25128
  [SEFI-column] SEFI-col 'input'  col_off=1580  col_w=8  complete_rows=18  partial=5152 B  bytes_hit=152
  [SEFI-column] SEFI-col 'output'  col_off=1580  col_w=8  complete_rows=0  partial=1008 B  bytes_hit=0
  [SEFI-column] SEFI-col TOTAL  bytes=25280 (weights=25128 input=152 output=0)  bits~101686
  [SEFI-column] SEFI-col 'weights'  col_off=3755  col_w=8  complete_rows=3140  partial=4096 B  bytes_hit=25128
  [SEFI-column] SEFI-col 'input'  col_off=3755  col_w=8  complete_rows=18  partial=5152 B  bytes_hit=152
  [SEFI-column] SEFI-col 'output'  col_off=3755  col_w=8  complete_rows=0  partial=1008 B  bytes_hit=0
  [SEFI-column] SEFI-col TOTAL  bytes=25280 (weights=25128 input=152 output=0)  bits~101932
  [SEFI-column] SEFI-col 'weights'  col_off=7043  col_w=8  complete_rows=3140  partial=4096 B  bytes_hit=25120
  [SEFI-column] SEFI-col 'input'  col_off=7043  col_w=8  complete_rows=18  partial=5152 B  bytes_hit=144
  [SEFI-column] SEFI-col 'output'  col_off=7043  col_w=8  complete_rows=0  partial=1008 B  bytes_hit=0
  [SEFI-column] SEFI-col TOTAL  bytes=25264 (weights=25120 input=144 output=0)  bits~101675
  [SEFI-column] SEFI-col 'weights'  col_off=7218  col_w=8  complete_rows=3140  partial=4096 B  bytes_hit=25120
  [SEFI-column] SEFI-col 'input'  col_off=7218  col_w=8  complete_rows=18  partial=5152 B  bytes_hit=144
  [SEFI-column] SEFI-col 'output'  col_off=7218  col_w=8  complete_rows=0  partial=1008 B  bytes_hit=0
  [SEFI-column] SEFI-col TOTAL  bytes=25264 (weights=25120 input=144 output=0)  bits~101799
  [SEFI-column] SEFI-col 'weights'  col_off=3576  col_w=8  complete_rows=3140  partial=4096 B  bytes_hit=25128
  [SEFI-column] SEFI-col 'input'  col_off=3576  col_w=8  complete_rows=18  partial=5152 B  bytes_hit=152
  [SEFI-column] SEFI-col 'output'  col_off=3576  col_w=8  complete_rows=0  partial=1008 B  bytes_hit=0
  [SEFI-column] SEFI-col TOTAL  bytes=25280 (weights=25128 input=152 output=0)  bits~101307
  [SEFI-column] SEFI-col 'weights'  col_off=7043  col_w=8  complete_rows=3140  partial=4096 B  bytes_hit=25120
  [SEFI-column] SEFI-col 'input'  col_off=7043  col_w=8  complete_rows=18  partial=5152 B  bytes_hit=144
  [SEFI-column] SEFI-col 'output'  col_off=7043  col_w=8  complete_rows=0  partial=1008 B  bytes_hit=0
  [SEFI-column] SEFI-col TOTAL  bytes=25264 (weights=25120 input=144 output=0)  bits~101492
  [SEFI-column] SEFI-col 'weights'  col_off=7624  col_w=8  complete_rows=3140  partial=4096 B  bytes_hit=25120
  [SEFI-column] SEFI-col 'input'  col_off=7624  col_w=8  complete_rows=18  partial=5152 B  bytes_hit=144
  [SEFI-column] SEFI-col 'output'  col_off=7624  col_w=8  complete_rows=0  partial=1008 B  bytes_hit=0
  [SEFI-column] SEFI-col TOTAL  bytes=25264 (weights=25120 input=144 output=0)  bits~101151
  [SEFI-column] SEFI-col 'weights'  col_off=4336  col_w=8  complete_rows=3140  partial=4096 B  bytes_hit=25120
  [SEFI-column] SEFI-col 'input'  col_off=4336  col_w=8  complete_rows=18  partial=5152 B  bytes_hit=152
  [SEFI-column] SEFI-col 'output'  col_off=4336  col_w=8  complete_rows=0  partial=1008 B  bytes_hit=0
  [SEFI-column] SEFI-col TOTAL  bytes=25272 (weights=25120 input=152 output=0)  bits~101793
  [SEFI-column] SEFI-col 'weights'  col_off=1138  col_w=8  complete_rows=3140  partial=4096 B  bytes_hit=25128
  [SEFI-column] SEFI-col 'input'  col_off=1138  col_w=8  complete_rows=18  partial=5152 B  bytes_hit=152
  [SEFI-column] SEFI-col 'output'  col_off=1138  col_w=8  complete_rows=0  partial=1008 B  bytes_hit=0
  [SEFI-column] SEFI-col TOTAL  bytes=25280 (weights=25128 input=152 output=0)  bits~101395
  [SEFI-column] SEFI-col 'weights'  col_off=4072  col_w=8  complete_rows=3140  partial=4096 B  bytes_hit=25128
  [SEFI-column] SEFI-col 'input'  col_off=4072  col_w=8  complete_rows=18  partial=5152 B  bytes_hit=152
  [SEFI-column] SEFI-col 'output'  col_off=4072  col_w=8  complete_rows=0  partial=1008 B  bytes_hit=0
  [SEFI-column] SEFI-col TOTAL  bytes=25280 (weights=25128 input=152 output=0)  bits~101219
  [SEFI-column] SEFI-col 'weights'  col_off=3664  col_w=8  complete_rows=3140  partial=4096 B  bytes_hit=25128
  [SEFI-column] SEFI-col 'input'  col_off=3664  col_w=8  complete_rows=18  partial=5152 B  bytes_hit=152
  [SEFI-column] SEFI-col 'output'  col_off=3664  col_w=8  complete_rows=0  partial=1008 B  bytes_hit=0
  [SEFI-column] SEFI-col TOTAL  bytes=25280 (weights=25128 input=152 output=0)  bits~101569
  [SEFI-column] SEFI-col 'weights'  col_off=6927  col_w=8  complete_rows=3140  partial=4096 B  bytes_hit=25120
  [SEFI-column] SEFI-col 'input'  col_off=6927  col_w=8  complete_rows=18  partial=5152 B  bytes_hit=144
  [SEFI-column] SEFI-col 'output'  col_off=6927  col_w=8  complete_rows=0  partial=1008 B  bytes_hit=0
  [SEFI-column] SEFI-col TOTAL  bytes=25264 (weights=25120 input=144 output=0)  bits~101431
  [SEFI-column] SEFI-col 'weights'  col_off=3889  col_w=8  complete_rows=3140  partial=4096 B  bytes_hit=25128
  [SEFI-column] SEFI-col 'input'  col_off=3889  col_w=8  complete_rows=18  partial=5152 B  bytes_hit=152
  [SEFI-column] SEFI-col 'output'  col_off=3889  col_w=8  complete_rows=0  partial=1008 B  bytes_hit=0
  [SEFI-column] SEFI-col TOTAL  bytes=25280 (weights=25128 input=152 output=0)  bits~101422
  [SEFI-column] SEFI-col 'weights'  col_off=8  col_w=8  complete_rows=3140  partial=4096 B  bytes_hit=25128
  [SEFI-column] SEFI-col 'input'  col_off=8  col_w=8  complete_rows=18  partial=5152 B  bytes_hit=152
  [SEFI-column] SEFI-col 'output'  col_off=8  col_w=8  complete_rows=0  partial=1008 B  bytes_hit=8
  [SEFI-column] SEFI-col TOTAL  bytes=25288 (weights=25128 input=152 output=8)  bits~101737
  [SEFI-column] SEFI-col 'weights'  col_off=7361  col_w=8  complete_rows=3140  partial=4096 B  bytes_hit=25120
  [SEFI-column] SEFI-col 'input'  col_off=7361  col_w=8  complete_rows=18  partial=5152 B  bytes_hit=144
  [SEFI-column] SEFI-col 'output'  col_off=7361  col_w=8  complete_rows=0  partial=1008 B  bytes_hit=0
  [SEFI-column] SEFI-col TOTAL  bytes=25264 (weights=25120 input=144 output=0)  bits~101470
  [SEFI-column] SEFI-col 'weights'  col_off=1081  col_w=8  complete_rows=3140  partial=4096 B  bytes_hit=25128
  [SEFI-column] SEFI-col 'input'  col_off=1081  col_w=8  complete_rows=18  partial=5152 B  bytes_hit=152
  [SEFI-column] SEFI-col 'output'  col_off=1081  col_w=8  complete_rows=0  partial=1008 B  bytes_hit=0
  [SEFI-column] SEFI-col TOTAL  bytes=25280 (weights=25128 input=152 output=0)  bits~101765
  [SEFI-column] SEFI-col 'weights'  col_off=5116  col_w=8  complete_rows=3140  partial=4096 B  bytes_hit=25120
  [SEFI-column] SEFI-col 'input'  col_off=5116  col_w=8  complete_rows=18  partial=5152 B  bytes_hit=152
  [SEFI-column] SEFI-col 'output'  col_off=5116  col_w=8  complete_rows=0  partial=1008 B  bytes_hit=0
  [SEFI-column] SEFI-col TOTAL  bytes=25272 (weights=25120 input=152 output=0)  bits~101452
  [SEFI-column] SEFI-col 'weights'  col_off=4511  col_w=8  complete_rows=3140  partial=4096 B  bytes_hit=25120
  [SEFI-column] SEFI-col 'input'  col_off=4511  col_w=8  complete_rows=18  partial=5152 B  bytes_hit=152
  [SEFI-column] SEFI-col 'output'  col_off=4511  col_w=8  complete_rows=0  partial=1008 B  bytes_hit=0
  [SEFI-column] SEFI-col TOTAL  bytes=25272 (weights=25120 input=152 output=0)  bits~101188
  [SEFI-column] SEFI-col 'weights'  col_off=5078  col_w=8  complete_rows=3140  partial=4096 B  bytes_hit=25120
  [SEFI-column] SEFI-col 'input'  col_off=5078  col_w=8  complete_rows=18  partial=5152 B  bytes_hit=152
  [SEFI-column] SEFI-col 'output'  col_off=5078  col_w=8  complete_rows=0  partial=1008 B  bytes_hit=0
  [SEFI-column] SEFI-col TOTAL  bytes=25272 (weights=25120 input=152 output=0)  bits~101372
  [SEFI-column] SEFI-col 'weights'  col_off=2204  col_w=8  complete_rows=3140  partial=4096 B  bytes_hit=25128
  [SEFI-column] SEFI-col 'input'  col_off=2204  col_w=8  complete_rows=18  partial=5152 B  bytes_hit=152
  [SEFI-column] SEFI-col 'output'  col_off=2204  col_w=8  complete_rows=0  partial=1008 B  bytes_hit=0
  [SEFI-column] SEFI-col TOTAL  bytes=25280 (weights=25128 input=152 output=0)  bits~101329
  [SEFI-column] SEFI-col 'weights'  col_off=3381  col_w=8  complete_rows=3140  partial=4096 B  bytes_hit=25128
  [SEFI-column] SEFI-col 'input'  col_off=3381  col_w=8  complete_rows=18  partial=5152 B  bytes_hit=152
  [SEFI-column] SEFI-col 'output'  col_off=3381  col_w=8  complete_rows=0  partial=1008 B  bytes_hit=0
  [SEFI-column] SEFI-col TOTAL  bytes=25280 (weights=25128 input=152 output=0)  bits~101939
  [SEFI-column] SEFI-col 'weights'  col_off=1618  col_w=8  complete_rows=3140  partial=4096 B  bytes_hit=25128
  [SEFI-column] SEFI-col 'input'  col_off=1618  col_w=8  complete_rows=18  partial=5152 B  bytes_hit=152
  [SEFI-column] SEFI-col 'output'  col_off=1618  col_w=8  complete_rows=0  partial=1008 B  bytes_hit=0
  [SEFI-column] SEFI-col TOTAL  bytes=25280 (weights=25128 input=152 output=0)  bits~101610
  [SEFI-column] SEFI-col 'weights'  col_off=6230  col_w=8  complete_rows=3140  partial=4096 B  bytes_hit=25120
  [SEFI-column] SEFI-col 'input'  col_off=6230  col_w=8  complete_rows=18  partial=5152 B  bytes_hit=144
  [SEFI-column] SEFI-col 'output'  col_off=6230  col_w=8  complete_rows=0  partial=1008 B  bytes_hit=0
  [SEFI-column] SEFI-col TOTAL  bytes=25264 (weights=25120 input=144 output=0)  bits~101750
  [SEFI-column] SEFI-col 'weights'  col_off=858  col_w=8  complete_rows=3140  partial=4096 B  bytes_hit=25128
  [SEFI-column] SEFI-col 'input'  col_off=858  col_w=8  complete_rows=18  partial=5152 B  bytes_hit=152
  [SEFI-column] SEFI-col 'output'  col_off=858  col_w=8  complete_rows=0  partial=1008 B  bytes_hit=8
  [SEFI-column] SEFI-col TOTAL  bytes=25288 (weights=25128 input=152 output=8)  bits~101454
  [SEFI-column] SEFI-col 'weights'  col_off=663  col_w=8  complete_rows=3140  partial=4096 B  bytes_hit=25128
  [SEFI-column] SEFI-col 'input'  col_off=663  col_w=8  complete_rows=18  partial=5152 B  bytes_hit=152
  [SEFI-column] SEFI-col 'output'  col_off=663  col_w=8  complete_rows=0  partial=1008 B  bytes_hit=8
  [SEFI-column] SEFI-col TOTAL  bytes=25288 (weights=25128 input=152 output=8)  bits~101527
  [SEFI-column] SEFI-col 'weights'  col_off=1085  col_w=8  complete_rows=3140  partial=4096 B  bytes_hit=25128
  [SEFI-column] SEFI-col 'input'  col_off=1085  col_w=8  complete_rows=18  partial=5152 B  bytes_hit=152
  [SEFI-column] SEFI-col 'output'  col_off=1085  col_w=8  complete_rows=0  partial=1008 B  bytes_hit=0
  [SEFI-column] SEFI-col TOTAL  bytes=25280 (weights=25128 input=152 output=0)  bits~101537
  [SEFI-column] SEFI-col 'weights'  col_off=909  col_w=8  complete_rows=3140  partial=4096 B  bytes_hit=25128
  [SEFI-column] SEFI-col 'input'  col_off=909  col_w=8  complete_rows=18  partial=5152 B  bytes_hit=152
  [SEFI-column] SEFI-col 'output'  col_off=909  col_w=8  complete_rows=0  partial=1008 B  bytes_hit=8
  [SEFI-column] SEFI-col TOTAL  bytes=25288 (weights=25128 input=152 output=8)  bits~101595
  [SEFI-column] SEFI-col 'weights'  col_off=6570  col_w=8  complete_rows=3140  partial=4096 B  bytes_hit=25120
  [SEFI-column] SEFI-col 'input'  col_off=6570  col_w=8  complete_rows=18  partial=5152 B  bytes_hit=144
  [SEFI-column] SEFI-col 'output'  col_off=6570  col_w=8  complete_rows=0  partial=1008 B  bytes_hit=0
  [SEFI-column] SEFI-col TOTAL  bytes=25264 (weights=25120 input=144 output=0)  bits~100601
  [SEFI-column] SEFI-col 'weights'  col_off=7908  col_w=8  complete_rows=3140  partial=4096 B  bytes_hit=25120
  [SEFI-column] SEFI-col 'input'  col_off=7908  col_w=8  complete_rows=18  partial=5152 B  bytes_hit=144
  [SEFI-column] SEFI-col 'output'  col_off=7908  col_w=8  complete_rows=0  partial=1008 B  bytes_hit=0
  [SEFI-column] SEFI-col TOTAL  bytes=25264 (weights=25120 input=144 output=0)  bits~101608
  [SEFI-column] SEFI-col 'weights'  col_off=3806  col_w=8  complete_rows=3140  partial=4096 B  bytes_hit=25128
  [SEFI-column] SEFI-col 'input'  col_off=3806  col_w=8  complete_rows=18  partial=5152 B  bytes_hit=152
  [SEFI-column] SEFI-col 'output'  col_off=3806  col_w=8  complete_rows=0  partial=1008 B  bytes_hit=0
  [SEFI-column] SEFI-col TOTAL  bytes=25280 (weights=25128 input=152 output=0)  bits~101717
  [SEFI-column] SEFI-col 'weights'  col_off=8029  col_w=8  complete_rows=3140  partial=4096 B  bytes_hit=25120
  [SEFI-column] SEFI-col 'input'  col_off=8029  col_w=8  complete_rows=18  partial=5152 B  bytes_hit=144
  [SEFI-column] SEFI-col 'output'  col_off=8029  col_w=8  complete_rows=0  partial=1008 B  bytes_hit=0
  [SEFI-column] SEFI-col TOTAL  bytes=25264 (weights=25120 input=144 output=0)  bits~101142
  [SEFI-column] SEFI-col 'weights'  col_off=5242  col_w=8  complete_rows=3140  partial=4096 B  bytes_hit=25120
  [SEFI-column] SEFI-col 'input'  col_off=5242  col_w=8  complete_rows=18  partial=5152 B  bytes_hit=144
  [SEFI-column] SEFI-col 'output'  col_off=5242  col_w=8  complete_rows=0  partial=1008 B  bytes_hit=0
  [SEFI-column] SEFI-col TOTAL  bytes=25264 (weights=25120 input=144 output=0)  bits~101176
  [SEFI-column] SEFI-col 'weights'  col_off=4276  col_w=8  complete_rows=3140  partial=4096 B  bytes_hit=25120
  [SEFI-column] SEFI-col 'input'  col_off=4276  col_w=8  complete_rows=18  partial=5152 B  bytes_hit=152
  [SEFI-column] SEFI-col 'output'  col_off=4276  col_w=8  complete_rows=0  partial=1008 B  bytes_hit=0
  [SEFI-column] SEFI-col TOTAL  bytes=25272 (weights=25120 input=152 output=0)  bits~102012
  [SEFI-column] SEFI-col 'weights'  col_off=7151  col_w=8  complete_rows=3140  partial=4096 B  bytes_hit=25120
  [SEFI-column] SEFI-col 'input'  col_off=7151  col_w=8  complete_rows=18  partial=5152 B  bytes_hit=144
  [SEFI-column] SEFI-col 'output'  col_off=7151  col_w=8  complete_rows=0  partial=1008 B  bytes_hit=0
  [SEFI-column] SEFI-col TOTAL  bytes=25264 (weights=25120 input=144 output=0)  bits~101372
  [SEFI-column] SEFI-col 'weights'  col_off=1558  col_w=8  complete_rows=3140  partial=4096 B  bytes_hit=25128
  [SEFI-column] SEFI-col 'input'  col_off=1558  col_w=8  complete_rows=18  partial=5152 B  bytes_hit=152
  [SEFI-column] SEFI-col 'output'  col_off=1558  col_w=8  complete_rows=0  partial=1008 B  bytes_hit=0
  [SEFI-column] SEFI-col TOTAL  bytes=25280 (weights=25128 input=152 output=0)  bits~101200
  [SEFI-column] SEFI-col 'weights'  col_off=3793  col_w=8  complete_rows=3140  partial=4096 B  bytes_hit=25128
  [SEFI-column] SEFI-col 'input'  col_off=3793  col_w=8  complete_rows=18  partial=5152 B  bytes_hit=152
  [SEFI-column] SEFI-col 'output'  col_off=3793  col_w=8  complete_rows=0  partial=1008 B  bytes_hit=0
  [SEFI-column] SEFI-col TOTAL  bytes=25280 (weights=25128 input=152 output=0)  bits~101665
  [SEFI-column] SEFI-col 'weights'  col_off=2322  col_w=8  complete_rows=3140  partial=4096 B  bytes_hit=25128
  [SEFI-column] SEFI-col 'input'  col_off=2322  col_w=8  complete_rows=18  partial=5152 B  bytes_hit=152
  [SEFI-column] SEFI-col 'output'  col_off=2322  col_w=8  complete_rows=0  partial=1008 B  bytes_hit=0
  [SEFI-column] SEFI-col TOTAL  bytes=25280 (weights=25128 input=152 output=0)  bits~101630
[Summary] target=input_tensor  baseline=75.00%  faulty=34.00%

──── target=buffers ────
  [SEFI-column] SEFI-col 'weights'  col_off=7162  col_w=8  complete_rows=3140  partial=4096 B  bytes_hit=25120
  [SEFI-column] SEFI-col 'input'  col_off=7162  col_w=8  complete_rows=18  partial=5152 B  bytes_hit=144
  [SEFI-column] SEFI-col 'output'  col_off=7162  col_w=8  complete_rows=0  partial=1008 B  bytes_hit=0
  [SEFI-column] SEFI-col TOTAL  bytes=25264 (weights=25120 input=144 output=0)  bits~101364
  [SEFI-column] SEFI-col 'weights'  col_off=6141  col_w=8  complete_rows=3140  partial=4096 B  bytes_hit=25120
  [SEFI-column] SEFI-col 'input'  col_off=6141  col_w=8  complete_rows=18  partial=5152 B  bytes_hit=144
  [SEFI-column] SEFI-col 'output'  col_off=6141  col_w=8  complete_rows=0  partial=1008 B  bytes_hit=0
  [SEFI-column] SEFI-col TOTAL  bytes=25264 (weights=25120 input=144 output=0)  bits~101362
  [SEFI-column] SEFI-col 'weights'  col_off=610  col_w=8  complete_rows=3140  partial=4096 B  bytes_hit=25128
  [SEFI-column] SEFI-col 'input'  col_off=610  col_w=8  complete_rows=18  partial=5152 B  bytes_hit=152
  [SEFI-column] SEFI-col 'output'  col_off=610  col_w=8  complete_rows=0  partial=1008 B  bytes_hit=8
  [SEFI-column] SEFI-col TOTAL  bytes=25288 (weights=25128 input=152 output=8)  bits~101284
  [SEFI-column] SEFI-col 'weights'  col_off=2960  col_w=8  complete_rows=3140  partial=4096 B  bytes_hit=25128
  [SEFI-column] SEFI-col 'input'  col_off=2960  col_w=8  complete_rows=18  partial=5152 B  bytes_hit=152
  [SEFI-column] SEFI-col 'output'  col_off=2960  col_w=8  complete_rows=0  partial=1008 B  bytes_hit=0
  [SEFI-column] SEFI-col TOTAL  bytes=25280 (weights=25128 input=152 output=0)  bits~101119
  [SEFI-column] SEFI-col 'weights'  col_off=2778  col_w=8  complete_rows=3140  partial=4096 B  bytes_hit=25128
  [SEFI-column] SEFI-col 'input'  col_off=2778  col_w=8  complete_rows=18  partial=5152 B  bytes_hit=152
  [SEFI-column] SEFI-col 'output'  col_off=2778  col_w=8  complete_rows=0  partial=1008 B  bytes_hit=0
  [SEFI-column] SEFI-col TOTAL  bytes=25280 (weights=25128 input=152 output=0)  bits~101574
  [SEFI-column] SEFI-col 'weights'  col_off=4745  col_w=8  complete_rows=3140  partial=4096 B  bytes_hit=25120
  [SEFI-column] SEFI-col 'input'  col_off=4745  col_w=8  complete_rows=18  partial=5152 B  bytes_hit=152
  [SEFI-column] SEFI-col 'output'  col_off=4745  col_w=8  complete_rows=0  partial=1008 B  bytes_hit=0
  [SEFI-column] SEFI-col TOTAL  bytes=25272 (weights=25120 input=152 output=0)  bits~101650
  [SEFI-column] SEFI-col 'weights'  col_off=3251  col_w=8  complete_rows=3140  partial=4096 B  bytes_hit=25128
  [SEFI-column] SEFI-col 'input'  col_off=3251  col_w=8  complete_rows=18  partial=5152 B  bytes_hit=152
  [SEFI-column] SEFI-col 'output'  col_off=3251  col_w=8  complete_rows=0  partial=1008 B  bytes_hit=0
  [SEFI-column] SEFI-col TOTAL  bytes=25280 (weights=25128 input=152 output=0)  bits~101577
  [SEFI-column] SEFI-col 'weights'  col_off=703  col_w=8  complete_rows=3140  partial=4096 B  bytes_hit=25128
  [SEFI-column] SEFI-col 'input'  col_off=703  col_w=8  complete_rows=18  partial=5152 B  bytes_hit=152
  [SEFI-column] SEFI-col 'output'  col_off=703  col_w=8  complete_rows=0  partial=1008 B  bytes_hit=8
  [SEFI-column] SEFI-col TOTAL  bytes=25288 (weights=25128 input=152 output=8)  bits~101760
  [SEFI-column] SEFI-col 'weights'  col_off=1433  col_w=8  complete_rows=3140  partial=4096 B  bytes_hit=25128
  [SEFI-column] SEFI-col 'input'  col_off=1433  col_w=8  complete_rows=18  partial=5152 B  bytes_hit=152
  [SEFI-column] SEFI-col 'output'  col_off=1433  col_w=8  complete_rows=0  partial=1008 B  bytes_hit=0
  [SEFI-column] SEFI-col TOTAL  bytes=25280 (weights=25128 input=152 output=0)  bits~101439
  [SEFI-column] SEFI-col 'weights'  col_off=2174  col_w=8  complete_rows=3140  partial=4096 B  bytes_hit=25128
  [SEFI-column] SEFI-col 'input'  col_off=2174  col_w=8  complete_rows=18  partial=5152 B  bytes_hit=152
  [SEFI-column] SEFI-col 'output'  col_off=2174  col_w=8  complete_rows=0  partial=1008 B  bytes_hit=0
  [SEFI-column] SEFI-col TOTAL  bytes=25280 (weights=25128 input=152 output=0)  bits~101584
  [SEFI-column] SEFI-col 'weights'  col_off=3758  col_w=8  complete_rows=3140  partial=4096 B  bytes_hit=25128
  [SEFI-column] SEFI-col 'input'  col_off=3758  col_w=8  complete_rows=18  partial=5152 B  bytes_hit=152
  [SEFI-column] SEFI-col 'output'  col_off=3758  col_w=8  complete_rows=0  partial=1008 B  bytes_hit=0
  [SEFI-column] SEFI-col TOTAL  bytes=25280 (weights=25128 input=152 output=0)  bits~101399
  [SEFI-column] SEFI-col 'weights'  col_off=4695  col_w=8  complete_rows=3140  partial=4096 B  bytes_hit=25120
  [SEFI-column] SEFI-col 'input'  col_off=4695  col_w=8  complete_rows=18  partial=5152 B  bytes_hit=152
  [SEFI-column] SEFI-col 'output'  col_off=4695  col_w=8  complete_rows=0  partial=1008 B  bytes_hit=0
  [SEFI-column] SEFI-col TOTAL  bytes=25272 (weights=25120 input=152 output=0)  bits~101610
  [SEFI-column] SEFI-col 'weights'  col_off=5795  col_w=8  complete_rows=3140  partial=4096 B  bytes_hit=25120
  [SEFI-column] SEFI-col 'input'  col_off=5795  col_w=8  complete_rows=18  partial=5152 B  bytes_hit=144
  [SEFI-column] SEFI-col 'output'  col_off=5795  col_w=8  complete_rows=0  partial=1008 B  bytes_hit=0
  [SEFI-column] SEFI-col TOTAL  bytes=25264 (weights=25120 input=144 output=0)  bits~101272
  [SEFI-column] SEFI-col 'weights'  col_off=4760  col_w=8  complete_rows=3140  partial=4096 B  bytes_hit=25120
  [SEFI-column] SEFI-col 'input'  col_off=4760  col_w=8  complete_rows=18  partial=5152 B  bytes_hit=152
  [SEFI-column] SEFI-col 'output'  col_off=4760  col_w=8  complete_rows=0  partial=1008 B  bytes_hit=0
  [SEFI-column] SEFI-col TOTAL  bytes=25272 (weights=25120 input=152 output=0)  bits~101715
  [SEFI-column] SEFI-col 'weights'  col_off=3910  col_w=8  complete_rows=3140  partial=4096 B  bytes_hit=25128
  [SEFI-column] SEFI-col 'input'  col_off=3910  col_w=8  complete_rows=18  partial=5152 B  bytes_hit=152
  [SEFI-column] SEFI-col 'output'  col_off=3910  col_w=8  complete_rows=0  partial=1008 B  bytes_hit=0
  [SEFI-column] SEFI-col TOTAL  bytes=25280 (weights=25128 input=152 output=0)  bits~101471
  [SEFI-column] SEFI-col 'weights'  col_off=4473  col_w=8  complete_rows=3140  partial=4096 B  bytes_hit=25120
  [SEFI-column] SEFI-col 'input'  col_off=4473  col_w=8  complete_rows=18  partial=5152 B  bytes_hit=152
  [SEFI-column] SEFI-col 'output'  col_off=4473  col_w=8  complete_rows=0  partial=1008 B  bytes_hit=0
  [SEFI-column] SEFI-col TOTAL  bytes=25272 (weights=25120 input=152 output=0)  bits~100967
  [SEFI-column] SEFI-col 'weights'  col_off=2452  col_w=8  complete_rows=3140  partial=4096 B  bytes_hit=25128
  [SEFI-column] SEFI-col 'input'  col_off=2452  col_w=8  complete_rows=18  partial=5152 B  bytes_hit=152
  [SEFI-column] SEFI-col 'output'  col_off=2452  col_w=8  complete_rows=0  partial=1008 B  bytes_hit=0
  [SEFI-column] SEFI-col TOTAL  bytes=25280 (weights=25128 input=152 output=0)  bits~101750
  [SEFI-column] SEFI-col 'weights'  col_off=2158  col_w=8  complete_rows=3140  partial=4096 B  bytes_hit=25128
  [SEFI-column] SEFI-col 'input'  col_off=2158  col_w=8  complete_rows=18  partial=5152 B  bytes_hit=152
  [SEFI-column] SEFI-col 'output'  col_off=2158  col_w=8  complete_rows=0  partial=1008 B  bytes_hit=0
  [SEFI-column] SEFI-col TOTAL  bytes=25280 (weights=25128 input=152 output=0)  bits~101377
  [SEFI-column] SEFI-col 'weights'  col_off=3103  col_w=8  complete_rows=3140  partial=4096 B  bytes_hit=25128
  [SEFI-column] SEFI-col 'input'  col_off=3103  col_w=8  complete_rows=18  partial=5152 B  bytes_hit=152
  [SEFI-column] SEFI-col 'output'  col_off=3103  col_w=8  complete_rows=0  partial=1008 B  bytes_hit=0
  [SEFI-column] SEFI-col TOTAL  bytes=25280 (weights=25128 input=152 output=0)  bits~101986
  [SEFI-column] SEFI-col 'weights'  col_off=7589  col_w=8  complete_rows=3140  partial=4096 B  bytes_hit=25120
  [SEFI-column] SEFI-col 'input'  col_off=7589  col_w=8  complete_rows=18  partial=5152 B  bytes_hit=144
  [SEFI-column] SEFI-col 'output'  col_off=7589  col_w=8  complete_rows=0  partial=1008 B  bytes_hit=0
  [SEFI-column] SEFI-col TOTAL  bytes=25264 (weights=25120 input=144 output=0)  bits~101504
  [SEFI-column] SEFI-col 'weights'  col_off=6435  col_w=8  complete_rows=3140  partial=4096 B  bytes_hit=25120
  [SEFI-column] SEFI-col 'input'  col_off=6435  col_w=8  complete_rows=18  partial=5152 B  bytes_hit=144
  [SEFI-column] SEFI-col 'output'  col_off=6435  col_w=8  complete_rows=0  partial=1008 B  bytes_hit=0
  [SEFI-column] SEFI-col TOTAL  bytes=25264 (weights=25120 input=144 output=0)  bits~101348
  [SEFI-column] SEFI-col 'weights'  col_off=2450  col_w=8  complete_rows=3140  partial=4096 B  bytes_hit=25128
  [SEFI-column] SEFI-col 'input'  col_off=2450  col_w=8  complete_rows=18  partial=5152 B  bytes_hit=152
  [SEFI-column] SEFI-col 'output'  col_off=2450  col_w=8  complete_rows=0  partial=1008 B  bytes_hit=0
  [SEFI-column] SEFI-col TOTAL  bytes=25280 (weights=25128 input=152 output=0)  bits~101431
  [SEFI-column] SEFI-col 'weights'  col_off=2693  col_w=8  complete_rows=3140  partial=4096 B  bytes_hit=25128
  [SEFI-column] SEFI-col 'input'  col_off=2693  col_w=8  complete_rows=18  partial=5152 B  bytes_hit=152
  [SEFI-column] SEFI-col 'output'  col_off=2693  col_w=8  complete_rows=0  partial=1008 B  bytes_hit=0
  [SEFI-column] SEFI-col TOTAL  bytes=25280 (weights=25128 input=152 output=0)  bits~101337
  [SEFI-column] SEFI-col 'weights'  col_off=3378  col_w=8  complete_rows=3140  partial=4096 B  bytes_hit=25128
  [SEFI-column] SEFI-col 'input'  col_off=3378  col_w=8  complete_rows=18  partial=5152 B  bytes_hit=152
  [SEFI-column] SEFI-col 'output'  col_off=3378  col_w=8  complete_rows=0  partial=1008 B  bytes_hit=0
  [SEFI-column] SEFI-col TOTAL  bytes=25280 (weights=25128 input=152 output=0)  bits~101409
  [SEFI-column] SEFI-col 'weights'  col_off=5547  col_w=8  complete_rows=3140  partial=4096 B  bytes_hit=25120
  [SEFI-column] SEFI-col 'input'  col_off=5547  col_w=8  complete_rows=18  partial=5152 B  bytes_hit=144
  [SEFI-column] SEFI-col 'output'  col_off=5547  col_w=8  complete_rows=0  partial=1008 B  bytes_hit=0
  [SEFI-column] SEFI-col TOTAL  bytes=25264 (weights=25120 input=144 output=0)  bits~101046
  [SEFI-column] SEFI-col 'weights'  col_off=7292  col_w=8  complete_rows=3140  partial=4096 B  bytes_hit=25120
  [SEFI-column] SEFI-col 'input'  col_off=7292  col_w=8  complete_rows=18  partial=5152 B  bytes_hit=144
  [SEFI-column] SEFI-col 'output'  col_off=7292  col_w=8  complete_rows=0  partial=1008 B  bytes_hit=0
  [SEFI-column] SEFI-col TOTAL  bytes=25264 (weights=25120 input=144 output=0)  bits~101586
  [SEFI-column] SEFI-col 'weights'  col_off=2739  col_w=8  complete_rows=3140  partial=4096 B  bytes_hit=25128
  [SEFI-column] SEFI-col 'input'  col_off=2739  col_w=8  complete_rows=18  partial=5152 B  bytes_hit=152
  [SEFI-column] SEFI-col 'output'  col_off=2739  col_w=8  complete_rows=0  partial=1008 B  bytes_hit=0
  [SEFI-column] SEFI-col TOTAL  bytes=25280 (weights=25128 input=152 output=0)  bits~101366
  [SEFI-column] SEFI-col 'weights'  col_off=2836  col_w=8  complete_rows=3140  partial=4096 B  bytes_hit=25128
  [SEFI-column] SEFI-col 'input'  col_off=2836  col_w=8  complete_rows=18  partial=5152 B  bytes_hit=152
  [SEFI-column] SEFI-col 'output'  col_off=2836  col_w=8  complete_rows=0  partial=1008 B  bytes_hit=0
  [SEFI-column] SEFI-col TOTAL  bytes=25280 (weights=25128 input=152 output=0)  bits~101653
  [SEFI-column] SEFI-col 'weights'  col_off=3034  col_w=8  complete_rows=3140  partial=4096 B  bytes_hit=25128
  [SEFI-column] SEFI-col 'input'  col_off=3034  col_w=8  complete_rows=18  partial=5152 B  bytes_hit=152
  [SEFI-column] SEFI-col 'output'  col_off=3034  col_w=8  complete_rows=0  partial=1008 B  bytes_hit=0
  [SEFI-column] SEFI-col TOTAL  bytes=25280 (weights=25128 input=152 output=0)  bits~101562
  [SEFI-column] SEFI-col 'weights'  col_off=4939  col_w=8  complete_rows=3140  partial=4096 B  bytes_hit=25120
  [SEFI-column] SEFI-col 'input'  col_off=4939  col_w=8  complete_rows=18  partial=5152 B  bytes_hit=152
  [SEFI-column] SEFI-col 'output'  col_off=4939  col_w=8  complete_rows=0  partial=1008 B  bytes_hit=0
  [SEFI-column] SEFI-col TOTAL  bytes=25272 (weights=25120 input=152 output=0)  bits~101333
  [SEFI-column] SEFI-col 'weights'  col_off=6695  col_w=8  complete_rows=3140  partial=4096 B  bytes_hit=25120
  [SEFI-column] SEFI-col 'input'  col_off=6695  col_w=8  complete_rows=18  partial=5152 B  bytes_hit=144
  [SEFI-column] SEFI-col 'output'  col_off=6695  col_w=8  complete_rows=0  partial=1008 B  bytes_hit=0
  [SEFI-column] SEFI-col TOTAL  bytes=25264 (weights=25120 input=144 output=0)  bits~101454
  [SEFI-column] SEFI-col 'weights'  col_off=7297  col_w=8  complete_rows=3140  partial=4096 B  bytes_hit=25120
  [SEFI-column] SEFI-col 'input'  col_off=7297  col_w=8  complete_rows=18  partial=5152 B  bytes_hit=144
  [SEFI-column] SEFI-col 'output'  col_off=7297  col_w=8  complete_rows=0  partial=1008 B  bytes_hit=0
  [SEFI-column] SEFI-col TOTAL  bytes=25264 (weights=25120 input=144 output=0)  bits~101319
  [SEFI-column] SEFI-col 'weights'  col_off=2700  col_w=8  complete_rows=3140  partial=4096 B  bytes_hit=25128
  [SEFI-column] SEFI-col 'input'  col_off=2700  col_w=8  complete_rows=18  partial=5152 B  bytes_hit=152
  [SEFI-column] SEFI-col 'output'  col_off=2700  col_w=8  complete_rows=0  partial=1008 B  bytes_hit=0
  [SEFI-column] SEFI-col TOTAL  bytes=25280 (weights=25128 input=152 output=0)  bits~101607
  [SEFI-column] SEFI-col 'weights'  col_off=1391  col_w=8  complete_rows=3140  partial=4096 B  bytes_hit=25128
  [SEFI-column] SEFI-col 'input'  col_off=1391  col_w=8  complete_rows=18  partial=5152 B  bytes_hit=152
  [SEFI-column] SEFI-col 'output'  col_off=1391  col_w=8  complete_rows=0  partial=1008 B  bytes_hit=0
  [SEFI-column] SEFI-col TOTAL  bytes=25280 (weights=25128 input=152 output=0)  bits~101230
  [SEFI-column] SEFI-col 'weights'  col_off=56  col_w=8  complete_rows=3140  partial=4096 B  bytes_hit=25128
  [SEFI-column] SEFI-col 'input'  col_off=56  col_w=8  complete_rows=18  partial=5152 B  bytes_hit=152
  [SEFI-column] SEFI-col 'output'  col_off=56  col_w=8  complete_rows=0  partial=1008 B  bytes_hit=8
  [SEFI-column] SEFI-col TOTAL  bytes=25288 (weights=25128 input=152 output=8)  bits~101759
  [SEFI-column] SEFI-col 'weights'  col_off=5229  col_w=8  complete_rows=3140  partial=4096 B  bytes_hit=25120
  [SEFI-column] SEFI-col 'input'  col_off=5229  col_w=8  complete_rows=18  partial=5152 B  bytes_hit=144
  [SEFI-column] SEFI-col 'output'  col_off=5229  col_w=8  complete_rows=0  partial=1008 B  bytes_hit=0
  [SEFI-column] SEFI-col TOTAL  bytes=25264 (weights=25120 input=144 output=0)  bits~101368
  [SEFI-column] SEFI-col 'weights'  col_off=4635  col_w=8  complete_rows=3140  partial=4096 B  bytes_hit=25120
  [SEFI-column] SEFI-col 'input'  col_off=4635  col_w=8  complete_rows=18  partial=5152 B  bytes_hit=152
  [SEFI-column] SEFI-col 'output'  col_off=4635  col_w=8  complete_rows=0  partial=1008 B  bytes_hit=0
  [SEFI-column] SEFI-col TOTAL  bytes=25272 (weights=25120 input=152 output=0)  bits~101463
  [SEFI-column] SEFI-col 'weights'  col_off=3501  col_w=8  complete_rows=3140  partial=4096 B  bytes_hit=25128
  [SEFI-column] SEFI-col 'input'  col_off=3501  col_w=8  complete_rows=18  partial=5152 B  bytes_hit=152
  [SEFI-column] SEFI-col 'output'  col_off=3501  col_w=8  complete_rows=0  partial=1008 B  bytes_hit=0
  [SEFI-column] SEFI-col TOTAL  bytes=25280 (weights=25128 input=152 output=0)  bits~101372
  [SEFI-column] SEFI-col 'weights'  col_off=1801  col_w=8  complete_rows=3140  partial=4096 B  bytes_hit=25128
  [SEFI-column] SEFI-col 'input'  col_off=1801  col_w=8  complete_rows=18  partial=5152 B  bytes_hit=152
  [SEFI-column] SEFI-col 'output'  col_off=1801  col_w=8  complete_rows=0  partial=1008 B  bytes_hit=0
  [SEFI-column] SEFI-col TOTAL  bytes=25280 (weights=25128 input=152 output=0)  bits~101172
  [SEFI-column] SEFI-col 'weights'  col_off=1097  col_w=8  complete_rows=3140  partial=4096 B  bytes_hit=25128
  [SEFI-column] SEFI-col 'input'  col_off=1097  col_w=8  complete_rows=18  partial=5152 B  bytes_hit=152
  [SEFI-column] SEFI-col 'output'  col_off=1097  col_w=8  complete_rows=0  partial=1008 B  bytes_hit=0
  [SEFI-column] SEFI-col TOTAL  bytes=25280 (weights=25128 input=152 output=0)  bits~101456
  [SEFI-column] SEFI-col 'weights'  col_off=3877  col_w=8  complete_rows=3140  partial=4096 B  bytes_hit=25128
  [SEFI-column] SEFI-col 'input'  col_off=3877  col_w=8  complete_rows=18  partial=5152 B  bytes_hit=152
  [SEFI-column] SEFI-col 'output'  col_off=3877  col_w=8  complete_rows=0  partial=1008 B  bytes_hit=0
  [SEFI-column] SEFI-col TOTAL  bytes=25280 (weights=25128 input=152 output=0)  bits~101812
  [SEFI-column] SEFI-col 'weights'  col_off=2218  col_w=8  complete_rows=3140  partial=4096 B  bytes_hit=25128
  [SEFI-column] SEFI-col 'input'  col_off=2218  col_w=8  complete_rows=18  partial=5152 B  bytes_hit=152
  [SEFI-column] SEFI-col 'output'  col_off=2218  col_w=8  complete_rows=0  partial=1008 B  bytes_hit=0
  [SEFI-column] SEFI-col TOTAL  bytes=25280 (weights=25128 input=152 output=0)  bits~101357
  [SEFI-column] SEFI-col 'weights'  col_off=6097  col_w=8  complete_rows=3140  partial=4096 B  bytes_hit=25120
  [SEFI-column] SEFI-col 'input'  col_off=6097  col_w=8  complete_rows=18  partial=5152 B  bytes_hit=144
  [SEFI-column] SEFI-col 'output'  col_off=6097  col_w=8  complete_rows=0  partial=1008 B  bytes_hit=0
  [SEFI-column] SEFI-col TOTAL  bytes=25264 (weights=25120 input=144 output=0)  bits~101475
  [SEFI-column] SEFI-col 'weights'  col_off=6248  col_w=8  complete_rows=3140  partial=4096 B  bytes_hit=25120
  [SEFI-column] SEFI-col 'input'  col_off=6248  col_w=8  complete_rows=18  partial=5152 B  bytes_hit=144
  [SEFI-column] SEFI-col 'output'  col_off=6248  col_w=8  complete_rows=0  partial=1008 B  bytes_hit=0
  [SEFI-column] SEFI-col TOTAL  bytes=25264 (weights=25120 input=144 output=0)  bits~101705
  [SEFI-column] SEFI-col 'weights'  col_off=4543  col_w=8  complete_rows=3140  partial=4096 B  bytes_hit=25120
  [SEFI-column] SEFI-col 'input'  col_off=4543  col_w=8  complete_rows=18  partial=5152 B  bytes_hit=152
  [SEFI-column] SEFI-col 'output'  col_off=4543  col_w=8  complete_rows=0  partial=1008 B  bytes_hit=0
  [SEFI-column] SEFI-col TOTAL  bytes=25272 (weights=25120 input=152 output=0)  bits~101644
  [SEFI-column] SEFI-col 'weights'  col_off=7868  col_w=8  complete_rows=3140  partial=4096 B  bytes_hit=25120
  [SEFI-column] SEFI-col 'input'  col_off=7868  col_w=8  complete_rows=18  partial=5152 B  bytes_hit=144
  [SEFI-column] SEFI-col 'output'  col_off=7868  col_w=8  complete_rows=0  partial=1008 B  bytes_hit=0
  [SEFI-column] SEFI-col TOTAL  bytes=25264 (weights=25120 input=144 output=0)  bits~101580
  [SEFI-column] SEFI-col 'weights'  col_off=3790  col_w=8  complete_rows=3140  partial=4096 B  bytes_hit=25128
  [SEFI-column] SEFI-col 'input'  col_off=3790  col_w=8  complete_rows=18  partial=5152 B  bytes_hit=152
  [SEFI-column] SEFI-col 'output'  col_off=3790  col_w=8  complete_rows=0  partial=1008 B  bytes_hit=0
  [SEFI-column] SEFI-col TOTAL  bytes=25280 (weights=25128 input=152 output=0)  bits~101698
  [SEFI-column] SEFI-col 'weights'  col_off=4591  col_w=8  complete_rows=3140  partial=4096 B  bytes_hit=25120
  [SEFI-column] SEFI-col 'input'  col_off=4591  col_w=8  complete_rows=18  partial=5152 B  bytes_hit=152
  [SEFI-column] SEFI-col 'output'  col_off=4591  col_w=8  complete_rows=0  partial=1008 B  bytes_hit=0
  [SEFI-column] SEFI-col TOTAL  bytes=25272 (weights=25120 input=152 output=0)  bits~101557
  [SEFI-column] SEFI-col 'weights'  col_off=3592  col_w=8  complete_rows=3140  partial=4096 B  bytes_hit=25128
  [SEFI-column] SEFI-col 'input'  col_off=3592  col_w=8  complete_rows=18  partial=5152 B  bytes_hit=152
  [SEFI-column] SEFI-col 'output'  col_off=3592  col_w=8  complete_rows=0  partial=1008 B  bytes_hit=0
  [SEFI-column] SEFI-col TOTAL  bytes=25280 (weights=25128 input=152 output=0)  bits~101586
  [SEFI-column] SEFI-col 'weights'  col_off=480  col_w=8  complete_rows=3140  partial=4096 B  bytes_hit=25128
  [SEFI-column] SEFI-col 'input'  col_off=480  col_w=8  complete_rows=18  partial=5152 B  bytes_hit=152
  [SEFI-column] SEFI-col 'output'  col_off=480  col_w=8  complete_rows=0  partial=1008 B  bytes_hit=8
  [SEFI-column] SEFI-col TOTAL  bytes=25288 (weights=25128 input=152 output=8)  bits~101449
  [SEFI-column] SEFI-col 'weights'  col_off=6312  col_w=8  complete_rows=3140  partial=4096 B  bytes_hit=25120
  [SEFI-column] SEFI-col 'input'  col_off=6312  col_w=8  complete_rows=18  partial=5152 B  bytes_hit=144
  [SEFI-column] SEFI-col 'output'  col_off=6312  col_w=8  complete_rows=0  partial=1008 B  bytes_hit=0
  [SEFI-column] SEFI-col TOTAL  bytes=25264 (weights=25120 input=144 output=0)  bits~101626
  [SEFI-column] SEFI-col 'weights'  col_off=7010  col_w=8  complete_rows=3140  partial=4096 B  bytes_hit=25120
  [SEFI-column] SEFI-col 'input'  col_off=7010  col_w=8  complete_rows=18  partial=5152 B  bytes_hit=144
  [SEFI-column] SEFI-col 'output'  col_off=7010  col_w=8  complete_rows=0  partial=1008 B  bytes_hit=0
  [SEFI-column] SEFI-col TOTAL  bytes=25264 (weights=25120 input=144 output=0)  bits~101613
  [SEFI-column] SEFI-col 'weights'  col_off=7585  col_w=8  complete_rows=3140  partial=4096 B  bytes_hit=25120
  [SEFI-column] SEFI-col 'input'  col_off=7585  col_w=8  complete_rows=18  partial=5152 B  bytes_hit=144
  [SEFI-column] SEFI-col 'output'  col_off=7585  col_w=8  complete_rows=0  partial=1008 B  bytes_hit=0
  [SEFI-column] SEFI-col TOTAL  bytes=25264 (weights=25120 input=144 output=0)  bits~101489
  [SEFI-column] SEFI-col 'weights'  col_off=1928  col_w=8  complete_rows=3140  partial=4096 B  bytes_hit=25128
  [SEFI-column] SEFI-col 'input'  col_off=1928  col_w=8  complete_rows=18  partial=5152 B  bytes_hit=152
  [SEFI-column] SEFI-col 'output'  col_off=1928  col_w=8  complete_rows=0  partial=1008 B  bytes_hit=0
  [SEFI-column] SEFI-col TOTAL  bytes=25280 (weights=25128 input=152 output=0)  bits~101717
  [SEFI-column] SEFI-col 'weights'  col_off=4991  col_w=8  complete_rows=3140  partial=4096 B  bytes_hit=25120
  [SEFI-column] SEFI-col 'input'  col_off=4991  col_w=8  complete_rows=18  partial=5152 B  bytes_hit=152
  [SEFI-column] SEFI-col 'output'  col_off=4991  col_w=8  complete_rows=0  partial=1008 B  bytes_hit=0
  [SEFI-column] SEFI-col TOTAL  bytes=25272 (weights=25120 input=152 output=0)  bits~101443
  [SEFI-column] SEFI-col 'weights'  col_off=3469  col_w=8  complete_rows=3140  partial=4096 B  bytes_hit=25128
  [SEFI-column] SEFI-col 'input'  col_off=3469  col_w=8  complete_rows=18  partial=5152 B  bytes_hit=152
  [SEFI-column] SEFI-col 'output'  col_off=3469  col_w=8  complete_rows=0  partial=1008 B  bytes_hit=0
  [SEFI-column] SEFI-col TOTAL  bytes=25280 (weights=25128 input=152 output=0)  bits~101357
  [SEFI-column] SEFI-col 'weights'  col_off=1647  col_w=8  complete_rows=3140  partial=4096 B  bytes_hit=25128
  [SEFI-column] SEFI-col 'input'  col_off=1647  col_w=8  complete_rows=18  partial=5152 B  bytes_hit=152
  [SEFI-column] SEFI-col 'output'  col_off=1647  col_w=8  complete_rows=0  partial=1008 B  bytes_hit=0
  [SEFI-column] SEFI-col TOTAL  bytes=25280 (weights=25128 input=152 output=0)  bits~101366
  [SEFI-column] SEFI-col 'weights'  col_off=1370  col_w=8  complete_rows=3140  partial=4096 B  bytes_hit=25128
  [SEFI-column] SEFI-col 'input'  col_off=1370  col_w=8  complete_rows=18  partial=5152 B  bytes_hit=152
  [SEFI-column] SEFI-col 'output'  col_off=1370  col_w=8  complete_rows=0  partial=1008 B  bytes_hit=0
  [SEFI-column] SEFI-col TOTAL  bytes=25280 (weights=25128 input=152 output=0)  bits~101352
  [SEFI-column] SEFI-col 'weights'  col_off=7582  col_w=8  complete_rows=3140  partial=4096 B  bytes_hit=25120
  [SEFI-column] SEFI-col 'input'  col_off=7582  col_w=8  complete_rows=18  partial=5152 B  bytes_hit=144
  [SEFI-column] SEFI-col 'output'  col_off=7582  col_w=8  complete_rows=0  partial=1008 B  bytes_hit=0
  [SEFI-column] SEFI-col TOTAL  bytes=25264 (weights=25120 input=144 output=0)  bits~101270
  [SEFI-column] SEFI-col 'weights'  col_off=6013  col_w=8  complete_rows=3140  partial=4096 B  bytes_hit=25120
  [SEFI-column] SEFI-col 'input'  col_off=6013  col_w=8  complete_rows=18  partial=5152 B  bytes_hit=144
  [SEFI-column] SEFI-col 'output'  col_off=6013  col_w=8  complete_rows=0  partial=1008 B  bytes_hit=0
  [SEFI-column] SEFI-col TOTAL  bytes=25264 (weights=25120 input=144 output=0)  bits~101546
  [SEFI-column] SEFI-col 'weights'  col_off=7853  col_w=8  complete_rows=3140  partial=4096 B  bytes_hit=25120
  [SEFI-column] SEFI-col 'input'  col_off=7853  col_w=8  complete_rows=18  partial=5152 B  bytes_hit=144
  [SEFI-column] SEFI-col 'output'  col_off=7853  col_w=8  complete_rows=0  partial=1008 B  bytes_hit=0
  [SEFI-column] SEFI-col TOTAL  bytes=25264 (weights=25120 input=144 output=0)  bits~101510
  [SEFI-column] SEFI-col 'weights'  col_off=5785  col_w=8  complete_rows=3140  partial=4096 B  bytes_hit=25120
  [SEFI-column] SEFI-col 'input'  col_off=5785  col_w=8  complete_rows=18  partial=5152 B  bytes_hit=144
  [SEFI-column] SEFI-col 'output'  col_off=5785  col_w=8  complete_rows=0  partial=1008 B  bytes_hit=0
  [SEFI-column] SEFI-col TOTAL  bytes=25264 (weights=25120 input=144 output=0)  bits~101727
  [SEFI-column] SEFI-col 'weights'  col_off=1500  col_w=8  complete_rows=3140  partial=4096 B  bytes_hit=25128
  [SEFI-column] SEFI-col 'input'  col_off=1500  col_w=8  complete_rows=18  partial=5152 B  bytes_hit=152
  [SEFI-column] SEFI-col 'output'  col_off=1500  col_w=8  complete_rows=0  partial=1008 B  bytes_hit=0
  [SEFI-column] SEFI-col TOTAL  bytes=25280 (weights=25128 input=152 output=0)  bits~101543
  [SEFI-column] SEFI-col 'weights'  col_off=4856  col_w=8  complete_rows=3140  partial=4096 B  bytes_hit=25120
  [SEFI-column] SEFI-col 'input'  col_off=4856  col_w=8  complete_rows=18  partial=5152 B  bytes_hit=152
  [SEFI-column] SEFI-col 'output'  col_off=4856  col_w=8  complete_rows=0  partial=1008 B  bytes_hit=0
  [SEFI-column] SEFI-col TOTAL  bytes=25272 (weights=25120 input=152 output=0)  bits~101883
  [SEFI-column] SEFI-col 'weights'  col_off=8093  col_w=8  complete_rows=3140  partial=4096 B  bytes_hit=25120
  [SEFI-column] SEFI-col 'input'  col_off=8093  col_w=8  complete_rows=18  partial=5152 B  bytes_hit=144
  [SEFI-column] SEFI-col 'output'  col_off=8093  col_w=8  complete_rows=0  partial=1008 B  bytes_hit=0
  [SEFI-column] SEFI-col TOTAL  bytes=25264 (weights=25120 input=144 output=0)  bits~101195
  [SEFI-column] SEFI-col 'weights'  col_off=2723  col_w=8  complete_rows=3140  partial=4096 B  bytes_hit=25128
  [SEFI-column] SEFI-col 'input'  col_off=2723  col_w=8  complete_rows=18  partial=5152 B  bytes_hit=152
  [SEFI-column] SEFI-col 'output'  col_off=2723  col_w=8  complete_rows=0  partial=1008 B  bytes_hit=0
  [SEFI-column] SEFI-col TOTAL  bytes=25280 (weights=25128 input=152 output=0)  bits~101508
  [SEFI-column] SEFI-col 'weights'  col_off=3930  col_w=8  complete_rows=3140  partial=4096 B  bytes_hit=25128
  [SEFI-column] SEFI-col 'input'  col_off=3930  col_w=8  complete_rows=18  partial=5152 B  bytes_hit=152
  [SEFI-column] SEFI-col 'output'  col_off=3930  col_w=8  complete_rows=0  partial=1008 B  bytes_hit=0
  [SEFI-column] SEFI-col TOTAL  bytes=25280 (weights=25128 input=152 output=0)  bits~101793
  [SEFI-column] SEFI-col 'weights'  col_off=6900  col_w=8  complete_rows=3140  partial=4096 B  bytes_hit=25120
  [SEFI-column] SEFI-col 'input'  col_off=6900  col_w=8  complete_rows=18  partial=5152 B  bytes_hit=144
  [SEFI-column] SEFI-col 'output'  col_off=6900  col_w=8  complete_rows=0  partial=1008 B  bytes_hit=0
  [SEFI-column] SEFI-col TOTAL  bytes=25264 (weights=25120 input=144 output=0)  bits~101618
  [SEFI-column] SEFI-col 'weights'  col_off=5082  col_w=8  complete_rows=3140  partial=4096 B  bytes_hit=25120
  [SEFI-column] SEFI-col 'input'  col_off=5082  col_w=8  complete_rows=18  partial=5152 B  bytes_hit=152
  [SEFI-column] SEFI-col 'output'  col_off=5082  col_w=8  complete_rows=0  partial=1008 B  bytes_hit=0
  [SEFI-column] SEFI-col TOTAL  bytes=25272 (weights=25120 input=152 output=0)  bits~101598
  [SEFI-column] SEFI-col 'weights'  col_off=4404  col_w=8  complete_rows=3140  partial=4096 B  bytes_hit=25120
  [SEFI-column] SEFI-col 'input'  col_off=4404  col_w=8  complete_rows=18  partial=5152 B  bytes_hit=152
  [SEFI-column] SEFI-col 'output'  col_off=4404  col_w=8  complete_rows=0  partial=1008 B  bytes_hit=0
  [SEFI-column] SEFI-col TOTAL  bytes=25272 (weights=25120 input=152 output=0)  bits~101157
  [SEFI-column] SEFI-col 'weights'  col_off=3470  col_w=8  complete_rows=3140  partial=4096 B  bytes_hit=25128
  [SEFI-column] SEFI-col 'input'  col_off=3470  col_w=8  complete_rows=18  partial=5152 B  bytes_hit=152
  [SEFI-column] SEFI-col 'output'  col_off=3470  col_w=8  complete_rows=0  partial=1008 B  bytes_hit=0
  [SEFI-column] SEFI-col TOTAL  bytes=25280 (weights=25128 input=152 output=0)  bits~101246
  [SEFI-column] SEFI-col 'weights'  col_off=3910  col_w=8  complete_rows=3140  partial=4096 B  bytes_hit=25128
  [SEFI-column] SEFI-col 'input'  col_off=3910  col_w=8  complete_rows=18  partial=5152 B  bytes_hit=152
  [SEFI-column] SEFI-col 'output'  col_off=3910  col_w=8  complete_rows=0  partial=1008 B  bytes_hit=0
  [SEFI-column] SEFI-col TOTAL  bytes=25280 (weights=25128 input=152 output=0)  bits~101330
  [SEFI-column] SEFI-col 'weights'  col_off=4190  col_w=8  complete_rows=3140  partial=4096 B  bytes_hit=25120
  [SEFI-column] SEFI-col 'input'  col_off=4190  col_w=8  complete_rows=18  partial=5152 B  bytes_hit=152
  [SEFI-column] SEFI-col 'output'  col_off=4190  col_w=8  complete_rows=0  partial=1008 B  bytes_hit=0
  [SEFI-column] SEFI-col TOTAL  bytes=25272 (weights=25120 input=152 output=0)  bits~101390
  [SEFI-column] SEFI-col 'weights'  col_off=4938  col_w=8  complete_rows=3140  partial=4096 B  bytes_hit=25120
  [SEFI-column] SEFI-col 'input'  col_off=4938  col_w=8  complete_rows=18  partial=5152 B  bytes_hit=152
  [SEFI-column] SEFI-col 'output'  col_off=4938  col_w=8  complete_rows=0  partial=1008 B  bytes_hit=0
  [SEFI-column] SEFI-col TOTAL  bytes=25272 (weights=25120 input=152 output=0)  bits~101747
  [SEFI-column] SEFI-col 'weights'  col_off=6357  col_w=8  complete_rows=3140  partial=4096 B  bytes_hit=25120
  [SEFI-column] SEFI-col 'input'  col_off=6357  col_w=8  complete_rows=18  partial=5152 B  bytes_hit=144
  [SEFI-column] SEFI-col 'output'  col_off=6357  col_w=8  complete_rows=0  partial=1008 B  bytes_hit=0
  [SEFI-column] SEFI-col TOTAL  bytes=25264 (weights=25120 input=144 output=0)  bits~101144
  [SEFI-column] SEFI-col 'weights'  col_off=2915  col_w=8  complete_rows=3140  partial=4096 B  bytes_hit=25128
  [SEFI-column] SEFI-col 'input'  col_off=2915  col_w=8  complete_rows=18  partial=5152 B  bytes_hit=152
  [SEFI-column] SEFI-col 'output'  col_off=2915  col_w=8  complete_rows=0  partial=1008 B  bytes_hit=0
  [SEFI-column] SEFI-col TOTAL  bytes=25280 (weights=25128 input=152 output=0)  bits~101796
  [SEFI-column] SEFI-col 'weights'  col_off=4740  col_w=8  complete_rows=3140  partial=4096 B  bytes_hit=25120
  [SEFI-column] SEFI-col 'input'  col_off=4740  col_w=8  complete_rows=18  partial=5152 B  bytes_hit=152
  [SEFI-column] SEFI-col 'output'  col_off=4740  col_w=8  complete_rows=0  partial=1008 B  bytes_hit=0
  [SEFI-column] SEFI-col TOTAL  bytes=25272 (weights=25120 input=152 output=0)  bits~101368
  [SEFI-column] SEFI-col 'weights'  col_off=512  col_w=8  complete_rows=3140  partial=4096 B  bytes_hit=25128
  [SEFI-column] SEFI-col 'input'  col_off=512  col_w=8  complete_rows=18  partial=5152 B  bytes_hit=152
  [SEFI-column] SEFI-col 'output'  col_off=512  col_w=8  complete_rows=0  partial=1008 B  bytes_hit=8
  [SEFI-column] SEFI-col TOTAL  bytes=25288 (weights=25128 input=152 output=8)  bits~101683
  [SEFI-column] SEFI-col 'weights'  col_off=211  col_w=8  complete_rows=3140  partial=4096 B  bytes_hit=25128
  [SEFI-column] SEFI-col 'input'  col_off=211  col_w=8  complete_rows=18  partial=5152 B  bytes_hit=152
  [SEFI-column] SEFI-col 'output'  col_off=211  col_w=8  complete_rows=0  partial=1008 B  bytes_hit=8
  [SEFI-column] SEFI-col TOTAL  bytes=25288 (weights=25128 input=152 output=8)  bits~101562
  [SEFI-column] SEFI-col 'weights'  col_off=5873  col_w=8  complete_rows=3140  partial=4096 B  bytes_hit=25120
  [SEFI-column] SEFI-col 'input'  col_off=5873  col_w=8  complete_rows=18  partial=5152 B  bytes_hit=144
  [SEFI-column] SEFI-col 'output'  col_off=5873  col_w=8  complete_rows=0  partial=1008 B  bytes_hit=0
  [SEFI-column] SEFI-col TOTAL  bytes=25264 (weights=25120 input=144 output=0)  bits~101077
  [SEFI-column] SEFI-col 'weights'  col_off=2246  col_w=8  complete_rows=3140  partial=4096 B  bytes_hit=25128
  [SEFI-column] SEFI-col 'input'  col_off=2246  col_w=8  complete_rows=18  partial=5152 B  bytes_hit=152
  [SEFI-column] SEFI-col 'output'  col_off=2246  col_w=8  complete_rows=0  partial=1008 B  bytes_hit=0
  [SEFI-column] SEFI-col TOTAL  bytes=25280 (weights=25128 input=152 output=0)  bits~101390
  [SEFI-column] SEFI-col 'weights'  col_off=5109  col_w=8  complete_rows=3140  partial=4096 B  bytes_hit=25120
  [SEFI-column] SEFI-col 'input'  col_off=5109  col_w=8  complete_rows=18  partial=5152 B  bytes_hit=152
  [SEFI-column] SEFI-col 'output'  col_off=5109  col_w=8  complete_rows=0  partial=1008 B  bytes_hit=0
  [SEFI-column] SEFI-col TOTAL  bytes=25272 (weights=25120 input=152 output=0)  bits~101928
  [SEFI-column] SEFI-col 'weights'  col_off=7324  col_w=8  complete_rows=3140  partial=4096 B  bytes_hit=25120
  [SEFI-column] SEFI-col 'input'  col_off=7324  col_w=8  complete_rows=18  partial=5152 B  bytes_hit=144
  [SEFI-column] SEFI-col 'output'  col_off=7324  col_w=8  complete_rows=0  partial=1008 B  bytes_hit=0
  [SEFI-column] SEFI-col TOTAL  bytes=25264 (weights=25120 input=144 output=0)  bits~101667
  [SEFI-column] SEFI-col 'weights'  col_off=3298  col_w=8  complete_rows=3140  partial=4096 B  bytes_hit=25128
  [SEFI-column] SEFI-col 'input'  col_off=3298  col_w=8  complete_rows=18  partial=5152 B  bytes_hit=152
  [SEFI-column] SEFI-col 'output'  col_off=3298  col_w=8  complete_rows=0  partial=1008 B  bytes_hit=0
  [SEFI-column] SEFI-col TOTAL  bytes=25280 (weights=25128 input=152 output=0)  bits~101499
  [SEFI-column] SEFI-col 'weights'  col_off=166  col_w=8  complete_rows=3140  partial=4096 B  bytes_hit=25128
  [SEFI-column] SEFI-col 'input'  col_off=166  col_w=8  complete_rows=18  partial=5152 B  bytes_hit=152
  [SEFI-column] SEFI-col 'output'  col_off=166  col_w=8  complete_rows=0  partial=1008 B  bytes_hit=8
  [SEFI-column] SEFI-col TOTAL  bytes=25288 (weights=25128 input=152 output=8)  bits~101797
  [SEFI-column] SEFI-col 'weights'  col_off=2027  col_w=8  complete_rows=3140  partial=4096 B  bytes_hit=25128
  [SEFI-column] SEFI-col 'input'  col_off=2027  col_w=8  complete_rows=18  partial=5152 B  bytes_hit=152
  [SEFI-column] SEFI-col 'output'  col_off=2027  col_w=8  complete_rows=0  partial=1008 B  bytes_hit=0
  [SEFI-column] SEFI-col TOTAL  bytes=25280 (weights=25128 input=152 output=0)  bits~101589
  [SEFI-column] SEFI-col 'weights'  col_off=149  col_w=8  complete_rows=3140  partial=4096 B  bytes_hit=25128
  [SEFI-column] SEFI-col 'input'  col_off=149  col_w=8  complete_rows=18  partial=5152 B  bytes_hit=152
  [SEFI-column] SEFI-col 'output'  col_off=149  col_w=8  complete_rows=0  partial=1008 B  bytes_hit=8
  [SEFI-column] SEFI-col TOTAL  bytes=25288 (weights=25128 input=152 output=8)  bits~101723
  [SEFI-column] SEFI-col 'weights'  col_off=1112  col_w=8  complete_rows=3140  partial=4096 B  bytes_hit=25128
  [SEFI-column] SEFI-col 'input'  col_off=1112  col_w=8  complete_rows=18  partial=5152 B  bytes_hit=152
  [SEFI-column] SEFI-col 'output'  col_off=1112  col_w=8  complete_rows=0  partial=1008 B  bytes_hit=0
  [SEFI-column] SEFI-col TOTAL  bytes=25280 (weights=25128 input=152 output=0)  bits~101531
  [SEFI-column] SEFI-col 'weights'  col_off=6025  col_w=8  complete_rows=3140  partial=4096 B  bytes_hit=25120
  [SEFI-column] SEFI-col 'input'  col_off=6025  col_w=8  complete_rows=18  partial=5152 B  bytes_hit=144
  [SEFI-column] SEFI-col 'output'  col_off=6025  col_w=8  complete_rows=0  partial=1008 B  bytes_hit=0
  [SEFI-column] SEFI-col TOTAL  bytes=25264 (weights=25120 input=144 output=0)  bits~101274
  [SEFI-column] SEFI-col 'weights'  col_off=8126  col_w=8  complete_rows=3140  partial=4096 B  bytes_hit=25120
  [SEFI-column] SEFI-col 'input'  col_off=8126  col_w=8  complete_rows=18  partial=5152 B  bytes_hit=144
  [SEFI-column] SEFI-col 'output'  col_off=8126  col_w=8  complete_rows=0  partial=1008 B  bytes_hit=0
  [SEFI-column] SEFI-col TOTAL  bytes=25264 (weights=25120 input=144 output=0)  bits~101118
  [SEFI-column] SEFI-col 'weights'  col_off=8092  col_w=8  complete_rows=3140  partial=4096 B  bytes_hit=25120
  [SEFI-column] SEFI-col 'input'  col_off=8092  col_w=8  complete_rows=18  partial=5152 B  bytes_hit=144
  [SEFI-column] SEFI-col 'output'  col_off=8092  col_w=8  complete_rows=0  partial=1008 B  bytes_hit=0
  [SEFI-column] SEFI-col TOTAL  bytes=25264 (weights=25120 input=144 output=0)  bits~101233
  [SEFI-column] SEFI-col 'weights'  col_off=5236  col_w=8  complete_rows=3140  partial=4096 B  bytes_hit=25120
  [SEFI-column] SEFI-col 'input'  col_off=5236  col_w=8  complete_rows=18  partial=5152 B  bytes_hit=144
  [SEFI-column] SEFI-col 'output'  col_off=5236  col_w=8  complete_rows=0  partial=1008 B  bytes_hit=0
  [SEFI-column] SEFI-col TOTAL  bytes=25264 (weights=25120 input=144 output=0)  bits~101834
  [SEFI-column] SEFI-col 'weights'  col_off=6122  col_w=8  complete_rows=3140  partial=4096 B  bytes_hit=25120
  [SEFI-column] SEFI-col 'input'  col_off=6122  col_w=8  complete_rows=18  partial=5152 B  bytes_hit=144
  [SEFI-column] SEFI-col 'output'  col_off=6122  col_w=8  complete_rows=0  partial=1008 B  bytes_hit=0
  [SEFI-column] SEFI-col TOTAL  bytes=25264 (weights=25120 input=144 output=0)  bits~101131
  [SEFI-column] SEFI-col 'weights'  col_off=6876  col_w=8  complete_rows=3140  partial=4096 B  bytes_hit=25120
  [SEFI-column] SEFI-col 'input'  col_off=6876  col_w=8  complete_rows=18  partial=5152 B  bytes_hit=144
  [SEFI-column] SEFI-col 'output'  col_off=6876  col_w=8  complete_rows=0  partial=1008 B  bytes_hit=0
  [SEFI-column] SEFI-col TOTAL  bytes=25264 (weights=25120 input=144 output=0)  bits~101474
  [SEFI-column] SEFI-col 'weights'  col_off=4334  col_w=8  complete_rows=3140  partial=4096 B  bytes_hit=25120
  [SEFI-column] SEFI-col 'input'  col_off=4334  col_w=8  complete_rows=18  partial=5152 B  bytes_hit=152
  [SEFI-column] SEFI-col 'output'  col_off=4334  col_w=8  complete_rows=0  partial=1008 B  bytes_hit=0
  [SEFI-column] SEFI-col TOTAL  bytes=25272 (weights=25120 input=152 output=0)  bits~101470
  [SEFI-column] SEFI-col 'weights'  col_off=5092  col_w=8  complete_rows=3140  partial=4096 B  bytes_hit=25120
  [SEFI-column] SEFI-col 'input'  col_off=5092  col_w=8  complete_rows=18  partial=5152 B  bytes_hit=152
  [SEFI-column] SEFI-col 'output'  col_off=5092  col_w=8  complete_rows=0  partial=1008 B  bytes_hit=0
  [SEFI-column] SEFI-col TOTAL  bytes=25272 (weights=25120 input=152 output=0)  bits~101085
  [SEFI-column] SEFI-col 'weights'  col_off=543  col_w=8  complete_rows=3140  partial=4096 B  bytes_hit=25128
  [SEFI-column] SEFI-col 'input'  col_off=543  col_w=8  complete_rows=18  partial=5152 B  bytes_hit=152
  [SEFI-column] SEFI-col 'output'  col_off=543  col_w=8  complete_rows=0  partial=1008 B  bytes_hit=8
  [SEFI-column] SEFI-col TOTAL  bytes=25288 (weights=25128 input=152 output=8)  bits~101437
  [SEFI-column] SEFI-col 'weights'  col_off=2579  col_w=8  complete_rows=3140  partial=4096 B  bytes_hit=25128
  [SEFI-column] SEFI-col 'input'  col_off=2579  col_w=8  complete_rows=18  partial=5152 B  bytes_hit=152
  [SEFI-column] SEFI-col 'output'  col_off=2579  col_w=8  complete_rows=0  partial=1008 B  bytes_hit=0
  [SEFI-column] SEFI-col TOTAL  bytes=25280 (weights=25128 input=152 output=0)  bits~101728
  [SEFI-column] SEFI-col 'weights'  col_off=4062  col_w=8  complete_rows=3140  partial=4096 B  bytes_hit=25128
  [SEFI-column] SEFI-col 'input'  col_off=4062  col_w=8  complete_rows=18  partial=5152 B  bytes_hit=152
  [SEFI-column] SEFI-col 'output'  col_off=4062  col_w=8  complete_rows=0  partial=1008 B  bytes_hit=0
  [SEFI-column] SEFI-col TOTAL  bytes=25280 (weights=25128 input=152 output=0)  bits~101421
  [SEFI-column] SEFI-col 'weights'  col_off=3990  col_w=8  complete_rows=3140  partial=4096 B  bytes_hit=25128
  [SEFI-column] SEFI-col 'input'  col_off=3990  col_w=8  complete_rows=18  partial=5152 B  bytes_hit=152
  [SEFI-column] SEFI-col 'output'  col_off=3990  col_w=8  complete_rows=0  partial=1008 B  bytes_hit=0
  [SEFI-column] SEFI-col TOTAL  bytes=25280 (weights=25128 input=152 output=0)  bits~101245
[Summary] target=buffers  baseline=75.00%  faulty=41.00%
