[Setup] Input  ResNet__input_0_fix  size=150528 h=224 w=224
[Setup] Output ResNet__ResNet_Linear_fc__8290_fix  size=1000
[DDR4] Instructions: reg_val=0x1BD00  phys=0x000000001BD00000  size=742492 B
[DDR4] Weights:      phys=0x000000001BE00000  size=25726976 B
[DDR4] Input tensor: phys=0x000000001BA80000  total=152608 B  pixel_start=+2080 B
[Snapshot] Weight backup taken: 25726976 B @ 0x000000001BE00000
[Baseline] Accuracy: 71/100 = 71.00%

──── target=weights ────
  [transient-SEFI-col] SEFI-col 'weights'  col_off=6246  col_w=8  complete_rows=3140  partial=4096 B  bytes_hit=25120
  [transient-SEFI-col] SEFI-col 'input(cpu-buf)'  col_off=6246  col_w=8  bytes_hit=144
  [transient-SEFI-col] SEFI-col 'output'  col_off=6246  col_w=8  complete_rows=0  partial=1008 B  bytes_hit=0
  [transient-SEFI-col] SEFI-col TOTAL  bytes=25264 (weights=25120 input=144 output=0)  bits~101316
  [transient-SEFI-col] SEFI-col 'weights'  col_off=7985  col_w=8  complete_rows=3140  partial=4096 B  bytes_hit=25120
  [transient-SEFI-col] SEFI-col 'input(cpu-buf)'  col_off=7985  col_w=8  bytes_hit=144
  [transient-SEFI-col] SEFI-col 'output'  col_off=7985  col_w=8  complete_rows=0  partial=1008 B  bytes_hit=0
  [transient-SEFI-col] SEFI-col TOTAL  bytes=25264 (weights=25120 input=144 output=0)  bits~101669
  [transient-SEFI-col] SEFI-col 'weights'  col_off=2274  col_w=8  complete_rows=3140  partial=4096 B  bytes_hit=25128
  [transient-SEFI-col] SEFI-col 'input(cpu-buf)'  col_off=2274  col_w=8  bytes_hit=152
  [transient-SEFI-col] SEFI-col 'output'  col_off=2274  col_w=8  complete_rows=0  partial=1008 B  bytes_hit=0
  [transient-SEFI-col] SEFI-col TOTAL  bytes=25280 (weights=25128 input=152 output=0)  bits~101345
  [transient-SEFI-col] SEFI-col 'weights'  col_off=2101  col_w=8  complete_rows=3140  partial=4096 B  bytes_hit=25128
  [transient-SEFI-col] SEFI-col 'input(cpu-buf)'  col_off=2101  col_w=8  bytes_hit=152
  [transient-SEFI-col] SEFI-col 'output'  col_off=2101  col_w=8  complete_rows=0  partial=1008 B  bytes_hit=0
  [transient-SEFI-col] SEFI-col TOTAL  bytes=25280 (weights=25128 input=152 output=0)  bits~101430
  [transient-SEFI-col] SEFI-col 'weights'  col_off=7253  col_w=8  complete_rows=3140  partial=4096 B  bytes_hit=25120
  [transient-SEFI-col] SEFI-col 'input(cpu-buf)'  col_off=7253  col_w=8  bytes_hit=144
  [transient-SEFI-col] SEFI-col 'output'  col_off=7253  col_w=8  complete_rows=0  partial=1008 B  bytes_hit=0
  [transient-SEFI-col] SEFI-col TOTAL  bytes=25264 (weights=25120 input=144 output=0)  bits~101533
  [transient-SEFI-col] SEFI-col 'weights'  col_off=223  col_w=8  complete_rows=3140  partial=4096 B  bytes_hit=25128
  [transient-SEFI-col] SEFI-col 'input(cpu-buf)'  col_off=223  col_w=8  bytes_hit=152
  [transient-SEFI-col] SEFI-col 'output'  col_off=223  col_w=8  complete_rows=0  partial=1008 B  bytes_hit=8
  [transient-SEFI-col] SEFI-col TOTAL  bytes=25288 (weights=25128 input=152 output=8)  bits~101434
  [transient-SEFI-col] SEFI-col 'weights'  col_off=2259  col_w=8  complete_rows=3140  partial=4096 B  bytes_hit=25128
  [transient-SEFI-col] SEFI-col 'input(cpu-buf)'  col_off=2259  col_w=8  bytes_hit=152
  [transient-SEFI-col] SEFI-col 'output'  col_off=2259  col_w=8  complete_rows=0  partial=1008 B  bytes_hit=0
  [transient-SEFI-col] SEFI-col TOTAL  bytes=25280 (weights=25128 input=152 output=0)  bits~101905
  [transient-SEFI-col] SEFI-col 'weights'  col_off=1486  col_w=8  complete_rows=3140  partial=4096 B  bytes_hit=25128
  [transient-SEFI-col] SEFI-col 'input(cpu-buf)'  col_off=1486  col_w=8  bytes_hit=152
  [transient-SEFI-col] SEFI-col 'output'  col_off=1486  col_w=8  complete_rows=0  partial=1008 B  bytes_hit=0
  [transient-SEFI-col] SEFI-col TOTAL  bytes=25280 (weights=25128 input=152 output=0)  bits~102001
  [transient-SEFI-col] SEFI-col 'weights'  col_off=1365  col_w=8  complete_rows=3140  partial=4096 B  bytes_hit=25128
  [transient-SEFI-col] SEFI-col 'input(cpu-buf)'  col_off=1365  col_w=8  bytes_hit=152
  [transient-SEFI-col] SEFI-col 'output'  col_off=1365  col_w=8  complete_rows=0  partial=1008 B  bytes_hit=0
  [transient-SEFI-col] SEFI-col TOTAL  bytes=25280 (weights=25128 input=152 output=0)  bits~101744
  [transient-SEFI-col] SEFI-col 'weights'  col_off=4246  col_w=8  complete_rows=3140  partial=4096 B  bytes_hit=25120
  [transient-SEFI-col] SEFI-col 'input(cpu-buf)'  col_off=4246  col_w=8  bytes_hit=144
  [transient-SEFI-col] SEFI-col 'output'  col_off=4246  col_w=8  complete_rows=0  partial=1008 B  bytes_hit=0
  [transient-SEFI-col] SEFI-col TOTAL  bytes=25264 (weights=25120 input=144 output=0)  bits~101650
  [transient-SEFI-col] SEFI-col 'weights'  col_off=7592  col_w=8  complete_rows=3140  partial=4096 B  bytes_hit=25120
  [transient-SEFI-col] SEFI-col 'input(cpu-buf)'  col_off=7592  col_w=8  bytes_hit=144
  [transient-SEFI-col] SEFI-col 'output'  col_off=7592  col_w=8  complete_rows=0  partial=1008 B  bytes_hit=0
  [transient-SEFI-col] SEFI-col TOTAL  bytes=25264 (weights=25120 input=144 output=0)  bits~101566
  [transient-SEFI-col] SEFI-col 'weights'  col_off=512  col_w=8  complete_rows=3140  partial=4096 B  bytes_hit=25128
  [transient-SEFI-col] SEFI-col 'input(cpu-buf)'  col_off=512  col_w=8  bytes_hit=152
  [transient-SEFI-col] SEFI-col 'output'  col_off=512  col_w=8  complete_rows=0  partial=1008 B  bytes_hit=8
  [transient-SEFI-col] SEFI-col TOTAL  bytes=25288 (weights=25128 input=152 output=8)  bits~101657
  [transient-SEFI-col] SEFI-col 'weights'  col_off=647  col_w=8  complete_rows=3140  partial=4096 B  bytes_hit=25128
  [transient-SEFI-col] SEFI-col 'input(cpu-buf)'  col_off=647  col_w=8  bytes_hit=152
  [transient-SEFI-col] SEFI-col 'output'  col_off=647  col_w=8  complete_rows=0  partial=1008 B  bytes_hit=8
  [transient-SEFI-col] SEFI-col TOTAL  bytes=25288 (weights=25128 input=152 output=8)  bits~101981
  [transient-SEFI-col] SEFI-col 'weights'  col_off=6621  col_w=8  complete_rows=3140  partial=4096 B  bytes_hit=25120
  [transient-SEFI-col] SEFI-col 'input(cpu-buf)'  col_off=6621  col_w=8  bytes_hit=144
  [transient-SEFI-col] SEFI-col 'output'  col_off=6621  col_w=8  complete_rows=0  partial=1008 B  bytes_hit=0
  [transient-SEFI-col] SEFI-col TOTAL  bytes=25264 (weights=25120 input=144 output=0)  bits~101279
  [transient-SEFI-col] SEFI-col 'weights'  col_off=312  col_w=8  complete_rows=3140  partial=4096 B  bytes_hit=25128
  [transient-SEFI-col] SEFI-col 'input(cpu-buf)'  col_off=312  col_w=8  bytes_hit=152
  [transient-SEFI-col] SEFI-col 'output'  col_off=312  col_w=8  complete_rows=0  partial=1008 B  bytes_hit=8
  [transient-SEFI-col] SEFI-col TOTAL  bytes=25288 (weights=25128 input=152 output=8)  bits~101426
  [transient-SEFI-col] SEFI-col 'weights'  col_off=4644  col_w=8  complete_rows=3140  partial=4096 B  bytes_hit=25120
  [transient-SEFI-col] SEFI-col 'input(cpu-buf)'  col_off=4644  col_w=8  bytes_hit=144
  [transient-SEFI-col] SEFI-col 'output'  col_off=4644  col_w=8  complete_rows=0  partial=1008 B  bytes_hit=0
  [transient-SEFI-col] SEFI-col TOTAL  bytes=25264 (weights=25120 input=144 output=0)  bits~101682
  [transient-SEFI-col] SEFI-col 'weights'  col_off=7101  col_w=8  complete_rows=3140  partial=4096 B  bytes_hit=25120
  [transient-SEFI-col] SEFI-col 'input(cpu-buf)'  col_off=7101  col_w=8  bytes_hit=144
  [transient-SEFI-col] SEFI-col 'output'  col_off=7101  col_w=8  complete_rows=0  partial=1008 B  bytes_hit=0
  [transient-SEFI-col] SEFI-col TOTAL  bytes=25264 (weights=25120 input=144 output=0)  bits~101046
  [transient-SEFI-col] SEFI-col 'weights'  col_off=5628  col_w=8  complete_rows=3140  partial=4096 B  bytes_hit=25120
  [transient-SEFI-col] SEFI-col 'input(cpu-buf)'  col_off=5628  col_w=8  bytes_hit=144
  [transient-SEFI-col] SEFI-col 'output'  col_off=5628  col_w=8  complete_rows=0  partial=1008 B  bytes_hit=0
  [transient-SEFI-col] SEFI-col TOTAL  bytes=25264 (weights=25120 input=144 output=0)  bits~101337
  [transient-SEFI-col] SEFI-col 'weights'  col_off=938  col_w=8  complete_rows=3140  partial=4096 B  bytes_hit=25128
  [transient-SEFI-col] SEFI-col 'input(cpu-buf)'  col_off=938  col_w=8  bytes_hit=152
  [transient-SEFI-col] SEFI-col 'output'  col_off=938  col_w=8  complete_rows=0  partial=1008 B  bytes_hit=8
  [transient-SEFI-col] SEFI-col TOTAL  bytes=25288 (weights=25128 input=152 output=8)  bits~101754
  [transient-SEFI-col] SEFI-col 'weights'  col_off=5769  col_w=8  complete_rows=3140  partial=4096 B  bytes_hit=25120
  [transient-SEFI-col] SEFI-col 'input(cpu-buf)'  col_off=5769  col_w=8  bytes_hit=144
  [transient-SEFI-col] SEFI-col 'output'  col_off=5769  col_w=8  complete_rows=0  partial=1008 B  bytes_hit=0
  [transient-SEFI-col] SEFI-col TOTAL  bytes=25264 (weights=25120 input=144 output=0)  bits~101244
  [transient-SEFI-col] SEFI-col 'weights'  col_off=2855  col_w=8  complete_rows=3140  partial=4096 B  bytes_hit=25128
  [transient-SEFI-col] SEFI-col 'input(cpu-buf)'  col_off=2855  col_w=8  bytes_hit=152
  [transient-SEFI-col] SEFI-col 'output'  col_off=2855  col_w=8  complete_rows=0  partial=1008 B  bytes_hit=0
  [transient-SEFI-col] SEFI-col TOTAL  bytes=25280 (weights=25128 input=152 output=0)  bits~101328
  [transient-SEFI-col] SEFI-col 'weights'  col_off=2030  col_w=8  complete_rows=3140  partial=4096 B  bytes_hit=25128
  [transient-SEFI-col] SEFI-col 'input(cpu-buf)'  col_off=2030  col_w=8  bytes_hit=152
  [transient-SEFI-col] SEFI-col 'output'  col_off=2030  col_w=8  complete_rows=0  partial=1008 B  bytes_hit=0
  [transient-SEFI-col] SEFI-col TOTAL  bytes=25280 (weights=25128 input=152 output=0)  bits~101505
  [transient-SEFI-col] SEFI-col 'weights'  col_off=3199  col_w=8  complete_rows=3140  partial=4096 B  bytes_hit=25128
  [transient-SEFI-col] SEFI-col 'input(cpu-buf)'  col_off=3199  col_w=8  bytes_hit=144
  [transient-SEFI-col] SEFI-col 'output'  col_off=3199  col_w=8  complete_rows=0  partial=1008 B  bytes_hit=0
  [transient-SEFI-col] SEFI-col TOTAL  bytes=25272 (weights=25128 input=144 output=0)  bits~101839
  [transient-SEFI-col] SEFI-col 'weights'  col_off=5100  col_w=8  complete_rows=3140  partial=4096 B  bytes_hit=25120
  [transient-SEFI-col] SEFI-col 'input(cpu-buf)'  col_off=5100  col_w=8  bytes_hit=144
  [transient-SEFI-col] SEFI-col 'output'  col_off=5100  col_w=8  complete_rows=0  partial=1008 B  bytes_hit=0
  [transient-SEFI-col] SEFI-col TOTAL  bytes=25264 (weights=25120 input=144 output=0)  bits~101490
  [transient-SEFI-col] SEFI-col 'weights'  col_off=3139  col_w=8  complete_rows=3140  partial=4096 B  bytes_hit=25128
  [transient-SEFI-col] SEFI-col 'input(cpu-buf)'  col_off=3139  col_w=8  bytes_hit=144
  [transient-SEFI-col] SEFI-col 'output'  col_off=3139  col_w=8  complete_rows=0  partial=1008 B  bytes_hit=0
  [transient-SEFI-col] SEFI-col TOTAL  bytes=25272 (weights=25128 input=144 output=0)  bits~101774
  [transient-SEFI-col] SEFI-col 'weights'  col_off=1713  col_w=8  complete_rows=3140  partial=4096 B  bytes_hit=25128
  [transient-SEFI-col] SEFI-col 'input(cpu-buf)'  col_off=1713  col_w=8  bytes_hit=152
  [transient-SEFI-col] SEFI-col 'output'  col_off=1713  col_w=8  complete_rows=0  partial=1008 B  bytes_hit=0
  [transient-SEFI-col] SEFI-col TOTAL  bytes=25280 (weights=25128 input=152 output=0)  bits~101631
  [transient-SEFI-col] SEFI-col 'weights'  col_off=5927  col_w=8  complete_rows=3140  partial=4096 B  bytes_hit=25120
  [transient-SEFI-col] SEFI-col 'input(cpu-buf)'  col_off=5927  col_w=8  bytes_hit=144
  [transient-SEFI-col] SEFI-col 'output'  col_off=5927  col_w=8  complete_rows=0  partial=1008 B  bytes_hit=0
  [transient-SEFI-col] SEFI-col TOTAL  bytes=25264 (weights=25120 input=144 output=0)  bits~100775
  [transient-SEFI-col] SEFI-col 'weights'  col_off=26  col_w=8  complete_rows=3140  partial=4096 B  bytes_hit=25128
  [transient-SEFI-col] SEFI-col 'input(cpu-buf)'  col_off=26  col_w=8  bytes_hit=152
  [transient-SEFI-col] SEFI-col 'output'  col_off=26  col_w=8  complete_rows=0  partial=1008 B  bytes_hit=8
  [transient-SEFI-col] SEFI-col TOTAL  bytes=25288 (weights=25128 input=152 output=8)  bits~101856
  [transient-SEFI-col] SEFI-col 'weights'  col_off=4560  col_w=8  complete_rows=3140  partial=4096 B  bytes_hit=25120
  [transient-SEFI-col] SEFI-col 'input(cpu-buf)'  col_off=4560  col_w=8  bytes_hit=144
  [transient-SEFI-col] SEFI-col 'output'  col_off=4560  col_w=8  complete_rows=0  partial=1008 B  bytes_hit=0
  [transient-SEFI-col] SEFI-col TOTAL  bytes=25264 (weights=25120 input=144 output=0)  bits~101144
  [transient-SEFI-col] SEFI-col 'weights'  col_off=7797  col_w=8  complete_rows=3140  partial=4096 B  bytes_hit=25120
  [transient-SEFI-col] SEFI-col 'input(cpu-buf)'  col_off=7797  col_w=8  bytes_hit=144
  [transient-SEFI-col] SEFI-col 'output'  col_off=7797  col_w=8  complete_rows=0  partial=1008 B  bytes_hit=0
  [transient-SEFI-col] SEFI-col TOTAL  bytes=25264 (weights=25120 input=144 output=0)  bits~101653
  [transient-SEFI-col] SEFI-col 'weights'  col_off=694  col_w=8  complete_rows=3140  partial=4096 B  bytes_hit=25128
  [transient-SEFI-col] SEFI-col 'input(cpu-buf)'  col_off=694  col_w=8  bytes_hit=152
  [transient-SEFI-col] SEFI-col 'output'  col_off=694  col_w=8  complete_rows=0  partial=1008 B  bytes_hit=8
  [transient-SEFI-col] SEFI-col TOTAL  bytes=25288 (weights=25128 input=152 output=8)  bits~101377
  [transient-SEFI-col] SEFI-col 'weights'  col_off=5807  col_w=8  complete_rows=3140  partial=4096 B  bytes_hit=25120
  [transient-SEFI-col] SEFI-col 'input(cpu-buf)'  col_off=5807  col_w=8  bytes_hit=144
  [transient-SEFI-col] SEFI-col 'output'  col_off=5807  col_w=8  complete_rows=0  partial=1008 B  bytes_hit=0
  [transient-SEFI-col] SEFI-col TOTAL  bytes=25264 (weights=25120 input=144 output=0)  bits~101411
  [transient-SEFI-col] SEFI-col 'weights'  col_off=6582  col_w=8  complete_rows=3140  partial=4096 B  bytes_hit=25120
  [transient-SEFI-col] SEFI-col 'input(cpu-buf)'  col_off=6582  col_w=8  bytes_hit=144
  [transient-SEFI-col] SEFI-col 'output'  col_off=6582  col_w=8  complete_rows=0  partial=1008 B  bytes_hit=0
  [transient-SEFI-col] SEFI-col TOTAL  bytes=25264 (weights=25120 input=144 output=0)  bits~101389
  [transient-SEFI-col] SEFI-col 'weights'  col_off=1150  col_w=8  complete_rows=3140  partial=4096 B  bytes_hit=25128
  [transient-SEFI-col] SEFI-col 'input(cpu-buf)'  col_off=1150  col_w=8  bytes_hit=152
  [transient-SEFI-col] SEFI-col 'output'  col_off=1150  col_w=8  complete_rows=0  partial=1008 B  bytes_hit=0
  [transient-SEFI-col] SEFI-col TOTAL  bytes=25280 (weights=25128 input=152 output=0)  bits~101733
  [transient-SEFI-col] SEFI-col 'weights'  col_off=2521  col_w=8  complete_rows=3140  partial=4096 B  bytes_hit=25128
  [transient-SEFI-col] SEFI-col 'input(cpu-buf)'  col_off=2521  col_w=8  bytes_hit=152
  [transient-SEFI-col] SEFI-col 'output'  col_off=2521  col_w=8  complete_rows=0  partial=1008 B  bytes_hit=0
  [transient-SEFI-col] SEFI-col TOTAL  bytes=25280 (weights=25128 input=152 output=0)  bits~101014
  [transient-SEFI-col] SEFI-col 'weights'  col_off=3319  col_w=8  complete_rows=3140  partial=4096 B  bytes_hit=25128
  [transient-SEFI-col] SEFI-col 'input(cpu-buf)'  col_off=3319  col_w=8  bytes_hit=144
  [transient-SEFI-col] SEFI-col 'output'  col_off=3319  col_w=8  complete_rows=0  partial=1008 B  bytes_hit=0
  [transient-SEFI-col] SEFI-col TOTAL  bytes=25272 (weights=25128 input=144 output=0)  bits~101410
  [transient-SEFI-col] SEFI-col 'weights'  col_off=3170  col_w=8  complete_rows=3140  partial=4096 B  bytes_hit=25128
  [transient-SEFI-col] SEFI-col 'input(cpu-buf)'  col_off=3170  col_w=8  bytes_hit=144
  [transient-SEFI-col] SEFI-col 'output'  col_off=3170  col_w=8  complete_rows=0  partial=1008 B  bytes_hit=0
  [transient-SEFI-col] SEFI-col TOTAL  bytes=25272 (weights=25128 input=144 output=0)  bits~101373
  [transient-SEFI-col] SEFI-col 'weights'  col_off=1182  col_w=8  complete_rows=3140  partial=4096 B  bytes_hit=25128
  [transient-SEFI-col] SEFI-col 'input(cpu-buf)'  col_off=1182  col_w=8  bytes_hit=152
  [transient-SEFI-col] SEFI-col 'output'  col_off=1182  col_w=8  complete_rows=0  partial=1008 B  bytes_hit=0
  [transient-SEFI-col] SEFI-col TOTAL  bytes=25280 (weights=25128 input=152 output=0)  bits~101654
  [transient-SEFI-col] SEFI-col 'weights'  col_off=2989  col_w=8  complete_rows=3140  partial=4096 B  bytes_hit=25128
  [transient-SEFI-col] SEFI-col 'input(cpu-buf)'  col_off=2989  col_w=8  bytes_hit=152
  [transient-SEFI-col] SEFI-col 'output'  col_off=2989  col_w=8  complete_rows=0  partial=1008 B  bytes_hit=0
  [transient-SEFI-col] SEFI-col TOTAL  bytes=25280 (weights=25128 input=152 output=0)  bits~102038
  [transient-SEFI-col] SEFI-col 'weights'  col_off=2136  col_w=8  complete_rows=3140  partial=4096 B  bytes_hit=25128
  [transient-SEFI-col] SEFI-col 'input(cpu-buf)'  col_off=2136  col_w=8  bytes_hit=152
  [transient-SEFI-col] SEFI-col 'output'  col_off=2136  col_w=8  complete_rows=0  partial=1008 B  bytes_hit=0
  [transient-SEFI-col] SEFI-col TOTAL  bytes=25280 (weights=25128 input=152 output=0)  bits~101566
  [transient-SEFI-col] SEFI-col 'weights'  col_off=577  col_w=8  complete_rows=3140  partial=4096 B  bytes_hit=25128
  [transient-SEFI-col] SEFI-col 'input(cpu-buf)'  col_off=577  col_w=8  bytes_hit=152
  [transient-SEFI-col] SEFI-col 'output'  col_off=577  col_w=8  complete_rows=0  partial=1008 B  bytes_hit=8
  [transient-SEFI-col] SEFI-col TOTAL  bytes=25288 (weights=25128 input=152 output=8)  bits~101193
  [transient-SEFI-col] SEFI-col 'weights'  col_off=3352  col_w=8  complete_rows=3140  partial=4096 B  bytes_hit=25128
  [transient-SEFI-col] SEFI-col 'input(cpu-buf)'  col_off=3352  col_w=8  bytes_hit=144
  [transient-SEFI-col] SEFI-col 'output'  col_off=3352  col_w=8  complete_rows=0  partial=1008 B  bytes_hit=0
  [transient-SEFI-col] SEFI-col TOTAL  bytes=25272 (weights=25128 input=144 output=0)  bits~101606
  [transient-SEFI-col] SEFI-col 'weights'  col_off=2355  col_w=8  complete_rows=3140  partial=4096 B  bytes_hit=25128
  [transient-SEFI-col] SEFI-col 'input(cpu-buf)'  col_off=2355  col_w=8  bytes_hit=152
  [transient-SEFI-col] SEFI-col 'output'  col_off=2355  col_w=8  complete_rows=0  partial=1008 B  bytes_hit=0
  [transient-SEFI-col] SEFI-col TOTAL  bytes=25280 (weights=25128 input=152 output=0)  bits~101608
  [transient-SEFI-col] SEFI-col 'weights'  col_off=826  col_w=8  complete_rows=3140  partial=4096 B  bytes_hit=25128
  [transient-SEFI-col] SEFI-col 'input(cpu-buf)'  col_off=826  col_w=8  bytes_hit=152
  [transient-SEFI-col] SEFI-col 'output'  col_off=826  col_w=8  complete_rows=0  partial=1008 B  bytes_hit=8
  [transient-SEFI-col] SEFI-col TOTAL  bytes=25288 (weights=25128 input=152 output=8)  bits~101628
  [transient-SEFI-col] SEFI-col 'weights'  col_off=565  col_w=8  complete_rows=3140  partial=4096 B  bytes_hit=25128
  [transient-SEFI-col] SEFI-col 'input(cpu-buf)'  col_off=565  col_w=8  bytes_hit=152
  [transient-SEFI-col] SEFI-col 'output'  col_off=565  col_w=8  complete_rows=0  partial=1008 B  bytes_hit=8
  [transient-SEFI-col] SEFI-col TOTAL  bytes=25288 (weights=25128 input=152 output=8)  bits~101448
  [transient-SEFI-col] SEFI-col 'weights'  col_off=56  col_w=8  complete_rows=3140  partial=4096 B  bytes_hit=25128
  [transient-SEFI-col] SEFI-col 'input(cpu-buf)'  col_off=56  col_w=8  bytes_hit=152
  [transient-SEFI-col] SEFI-col 'output'  col_off=56  col_w=8  complete_rows=0  partial=1008 B  bytes_hit=8
  [transient-SEFI-col] SEFI-col TOTAL  bytes=25288 (weights=25128 input=152 output=8)  bits~101494
  [transient-SEFI-col] SEFI-col 'weights'  col_off=7913  col_w=8  complete_rows=3140  partial=4096 B  bytes_hit=25120
  [transient-SEFI-col] SEFI-col 'input(cpu-buf)'  col_off=7913  col_w=8  bytes_hit=144
  [transient-SEFI-col] SEFI-col 'output'  col_off=7913  col_w=8  complete_rows=0  partial=1008 B  bytes_hit=0
  [transient-SEFI-col] SEFI-col TOTAL  bytes=25264 (weights=25120 input=144 output=0)  bits~101484
  [transient-SEFI-col] SEFI-col 'weights'  col_off=3374  col_w=8  complete_rows=3140  partial=4096 B  bytes_hit=25128
  [transient-SEFI-col] SEFI-col 'input(cpu-buf)'  col_off=3374  col_w=8  bytes_hit=144
  [transient-SEFI-col] SEFI-col 'output'  col_off=3374  col_w=8  complete_rows=0  partial=1008 B  bytes_hit=0
  [transient-SEFI-col] SEFI-col TOTAL  bytes=25272 (weights=25128 input=144 output=0)  bits~101668
  [transient-SEFI-col] SEFI-col 'weights'  col_off=2801  col_w=8  complete_rows=3140  partial=4096 B  bytes_hit=25128
  [transient-SEFI-col] SEFI-col 'input(cpu-buf)'  col_off=2801  col_w=8  bytes_hit=152
  [transient-SEFI-col] SEFI-col 'output'  col_off=2801  col_w=8  complete_rows=0  partial=1008 B  bytes_hit=0
  [transient-SEFI-col] SEFI-col TOTAL  bytes=25280 (weights=25128 input=152 output=0)  bits~101703
  [transient-SEFI-col] SEFI-col 'weights'  col_off=1618  col_w=8  complete_rows=3140  partial=4096 B  bytes_hit=25128
  [transient-SEFI-col] SEFI-col 'input(cpu-buf)'  col_off=1618  col_w=8  bytes_hit=152
  [transient-SEFI-col] SEFI-col 'output'  col_off=1618  col_w=8  complete_rows=0  partial=1008 B  bytes_hit=0
  [transient-SEFI-col] SEFI-col TOTAL  bytes=25280 (weights=25128 input=152 output=0)  bits~101378
  [transient-SEFI-col] SEFI-col 'weights'  col_off=6146  col_w=8  complete_rows=3140  partial=4096 B  bytes_hit=25120
  [transient-SEFI-col] SEFI-col 'input(cpu-buf)'  col_off=6146  col_w=8  bytes_hit=144
  [transient-SEFI-col] SEFI-col 'output'  col_off=6146  col_w=8  complete_rows=0  partial=1008 B  bytes_hit=0
  [transient-SEFI-col] SEFI-col TOTAL  bytes=25264 (weights=25120 input=144 output=0)  bits~101010
  [transient-SEFI-col] SEFI-col 'weights'  col_off=1675  col_w=8  complete_rows=3140  partial=4096 B  bytes_hit=25128
  [transient-SEFI-col] SEFI-col 'input(cpu-buf)'  col_off=1675  col_w=8  bytes_hit=152
  [transient-SEFI-col] SEFI-col 'output'  col_off=1675  col_w=8  complete_rows=0  partial=1008 B  bytes_hit=0
  [transient-SEFI-col] SEFI-col TOTAL  bytes=25280 (weights=25128 input=152 output=0)  bits~101826
  [transient-SEFI-col] SEFI-col 'weights'  col_off=1485  col_w=8  complete_rows=3140  partial=4096 B  bytes_hit=25128
  [transient-SEFI-col] SEFI-col 'input(cpu-buf)'  col_off=1485  col_w=8  bytes_hit=152
  [transient-SEFI-col] SEFI-col 'output'  col_off=1485  col_w=8  complete_rows=0  partial=1008 B  bytes_hit=0
  [transient-SEFI-col] SEFI-col TOTAL  bytes=25280 (weights=25128 input=152 output=0)  bits~102050
  [transient-SEFI-col] SEFI-col 'weights'  col_off=8167  col_w=8  complete_rows=3140  partial=4096 B  bytes_hit=25120
  [transient-SEFI-col] SEFI-col 'input(cpu-buf)'  col_off=8167  col_w=8  bytes_hit=144
  [transient-SEFI-col] SEFI-col 'output'  col_off=8167  col_w=8  complete_rows=0  partial=1008 B  bytes_hit=0
  [transient-SEFI-col] SEFI-col TOTAL  bytes=25264 (weights=25120 input=144 output=0)  bits~101856
  [transient-SEFI-col] SEFI-col 'weights'  col_off=6988  col_w=8  complete_rows=3140  partial=4096 B  bytes_hit=25120
  [transient-SEFI-col] SEFI-col 'input(cpu-buf)'  col_off=6988  col_w=8  bytes_hit=144
  [transient-SEFI-col] SEFI-col 'output'  col_off=6988  col_w=8  complete_rows=0  partial=1008 B  bytes_hit=0
  [transient-SEFI-col] SEFI-col TOTAL  bytes=25264 (weights=25120 input=144 output=0)  bits~101537
  [transient-SEFI-col] SEFI-col 'weights'  col_off=7467  col_w=8  complete_rows=3140  partial=4096 B  bytes_hit=25120
  [transient-SEFI-col] SEFI-col 'input(cpu-buf)'  col_off=7467  col_w=8  bytes_hit=144
  [transient-SEFI-col] SEFI-col 'output'  col_off=7467  col_w=8  complete_rows=0  partial=1008 B  bytes_hit=0
  [transient-SEFI-col] SEFI-col TOTAL  bytes=25264 (weights=25120 input=144 output=0)  bits~101347
  [transient-SEFI-col] SEFI-col 'weights'  col_off=1654  col_w=8  complete_rows=3140  partial=4096 B  bytes_hit=25128
  [transient-SEFI-col] SEFI-col 'input(cpu-buf)'  col_off=1654  col_w=8  bytes_hit=152
  [transient-SEFI-col] SEFI-col 'output'  col_off=1654  col_w=8  complete_rows=0  partial=1008 B  bytes_hit=0
  [transient-SEFI-col] SEFI-col TOTAL  bytes=25280 (weights=25128 input=152 output=0)  bits~101415
  [transient-SEFI-col] SEFI-col 'weights'  col_off=193  col_w=8  complete_rows=3140  partial=4096 B  bytes_hit=25128
  [transient-SEFI-col] SEFI-col 'input(cpu-buf)'  col_off=193  col_w=8  bytes_hit=152
  [transient-SEFI-col] SEFI-col 'output'  col_off=193  col_w=8  complete_rows=0  partial=1008 B  bytes_hit=8
  [transient-SEFI-col] SEFI-col TOTAL  bytes=25288 (weights=25128 input=152 output=8)  bits~101418
  [transient-SEFI-col] SEFI-col 'weights'  col_off=7434  col_w=8  complete_rows=3140  partial=4096 B  bytes_hit=25120
  [transient-SEFI-col] SEFI-col 'input(cpu-buf)'  col_off=7434  col_w=8  bytes_hit=144
  [transient-SEFI-col] SEFI-col 'output'  col_off=7434  col_w=8  complete_rows=0  partial=1008 B  bytes_hit=0
  [transient-SEFI-col] SEFI-col TOTAL  bytes=25264 (weights=25120 input=144 output=0)  bits~101550
  [transient-SEFI-col] SEFI-col 'weights'  col_off=845  col_w=8  complete_rows=3140  partial=4096 B  bytes_hit=25128
  [transient-SEFI-col] SEFI-col 'input(cpu-buf)'  col_off=845  col_w=8  bytes_hit=152
  [transient-SEFI-col] SEFI-col 'output'  col_off=845  col_w=8  complete_rows=0  partial=1008 B  bytes_hit=8
  [transient-SEFI-col] SEFI-col TOTAL  bytes=25288 (weights=25128 input=152 output=8)  bits~101595
  [transient-SEFI-col] SEFI-col 'weights'  col_off=4948  col_w=8  complete_rows=3140  partial=4096 B  bytes_hit=25120
  [transient-SEFI-col] SEFI-col 'input(cpu-buf)'  col_off=4948  col_w=8  bytes_hit=144
  [transient-SEFI-col] SEFI-col 'output'  col_off=4948  col_w=8  complete_rows=0  partial=1008 B  bytes_hit=0
  [transient-SEFI-col] SEFI-col TOTAL  bytes=25264 (weights=25120 input=144 output=0)  bits~101463
  [transient-SEFI-col] SEFI-col 'weights'  col_off=4770  col_w=8  complete_rows=3140  partial=4096 B  bytes_hit=25120
  [transient-SEFI-col] SEFI-col 'input(cpu-buf)'  col_off=4770  col_w=8  bytes_hit=144
  [transient-SEFI-col] SEFI-col 'output'  col_off=4770  col_w=8  complete_rows=0  partial=1008 B  bytes_hit=0
  [transient-SEFI-col] SEFI-col TOTAL  bytes=25264 (weights=25120 input=144 output=0)  bits~101383
  [transient-SEFI-col] SEFI-col 'weights'  col_off=6621  col_w=8  complete_rows=3140  partial=4096 B  bytes_hit=25120
  [transient-SEFI-col] SEFI-col 'input(cpu-buf)'  col_off=6621  col_w=8  bytes_hit=144
  [transient-SEFI-col] SEFI-col 'output'  col_off=6621  col_w=8  complete_rows=0  partial=1008 B  bytes_hit=0
  [transient-SEFI-col] SEFI-col TOTAL  bytes=25264 (weights=25120 input=144 output=0)  bits~101342
  [transient-SEFI-col] SEFI-col 'weights'  col_off=288  col_w=8  complete_rows=3140  partial=4096 B  bytes_hit=25128
  [transient-SEFI-col] SEFI-col 'input(cpu-buf)'  col_off=288  col_w=8  bytes_hit=152
  [transient-SEFI-col] SEFI-col 'output'  col_off=288  col_w=8  complete_rows=0  partial=1008 B  bytes_hit=8
  [transient-SEFI-col] SEFI-col TOTAL  bytes=25288 (weights=25128 input=152 output=8)  bits~101528
  [transient-SEFI-col] SEFI-col 'weights'  col_off=7986  col_w=8  complete_rows=3140  partial=4096 B  bytes_hit=25120
  [transient-SEFI-col] SEFI-col 'input(cpu-buf)'  col_off=7986  col_w=8  bytes_hit=144
  [transient-SEFI-col] SEFI-col 'output'  col_off=7986  col_w=8  complete_rows=0  partial=1008 B  bytes_hit=0
  [transient-SEFI-col] SEFI-col TOTAL  bytes=25264 (weights=25120 input=144 output=0)  bits~101207
  [transient-SEFI-col] SEFI-col 'weights'  col_off=1438  col_w=8  complete_rows=3140  partial=4096 B  bytes_hit=25128
  [transient-SEFI-col] SEFI-col 'input(cpu-buf)'  col_off=1438  col_w=8  bytes_hit=152
  [transient-SEFI-col] SEFI-col 'output'  col_off=1438  col_w=8  complete_rows=0  partial=1008 B  bytes_hit=0
  [transient-SEFI-col] SEFI-col TOTAL  bytes=25280 (weights=25128 input=152 output=0)  bits~101804
  [transient-SEFI-col] SEFI-col 'weights'  col_off=5818  col_w=8  complete_rows=3140  partial=4096 B  bytes_hit=25120
  [transient-SEFI-col] SEFI-col 'input(cpu-buf)'  col_off=5818  col_w=8  bytes_hit=144
  [transient-SEFI-col] SEFI-col 'output'  col_off=5818  col_w=8  complete_rows=0  partial=1008 B  bytes_hit=0
  [transient-SEFI-col] SEFI-col TOTAL  bytes=25264 (weights=25120 input=144 output=0)  bits~101617
  [transient-SEFI-col] SEFI-col 'weights'  col_off=6903  col_w=8  complete_rows=3140  partial=4096 B  bytes_hit=25120
  [transient-SEFI-col] SEFI-col 'input(cpu-buf)'  col_off=6903  col_w=8  bytes_hit=144
  [transient-SEFI-col] SEFI-col 'output'  col_off=6903  col_w=8  complete_rows=0  partial=1008 B  bytes_hit=0
  [transient-SEFI-col] SEFI-col TOTAL  bytes=25264 (weights=25120 input=144 output=0)  bits~101374
  [transient-SEFI-col] SEFI-col 'weights'  col_off=884  col_w=8  complete_rows=3140  partial=4096 B  bytes_hit=25128
  [transient-SEFI-col] SEFI-col 'input(cpu-buf)'  col_off=884  col_w=8  bytes_hit=152
  [transient-SEFI-col] SEFI-col 'output'  col_off=884  col_w=8  complete_rows=0  partial=1008 B  bytes_hit=8
  [transient-SEFI-col] SEFI-col TOTAL  bytes=25288 (weights=25128 input=152 output=8)  bits~101509
  [transient-SEFI-col] SEFI-col 'weights'  col_off=1072  col_w=8  complete_rows=3140  partial=4096 B  bytes_hit=25128
  [transient-SEFI-col] SEFI-col 'input(cpu-buf)'  col_off=1072  col_w=8  bytes_hit=152
  [transient-SEFI-col] SEFI-col 'output'  col_off=1072  col_w=8  complete_rows=0  partial=1008 B  bytes_hit=0
  [transient-SEFI-col] SEFI-col TOTAL  bytes=25280 (weights=25128 input=152 output=0)  bits~101572
  [transient-SEFI-col] SEFI-col 'weights'  col_off=4628  col_w=8  complete_rows=3140  partial=4096 B  bytes_hit=25120
  [transient-SEFI-col] SEFI-col 'input(cpu-buf)'  col_off=4628  col_w=8  bytes_hit=144
  [transient-SEFI-col] SEFI-col 'output'  col_off=4628  col_w=8  complete_rows=0  partial=1008 B  bytes_hit=0
  [transient-SEFI-col] SEFI-col TOTAL  bytes=25264 (weights=25120 input=144 output=0)  bits~101703
  [transient-SEFI-col] SEFI-col 'weights'  col_off=7631  col_w=8  complete_rows=3140  partial=4096 B  bytes_hit=25120
  [transient-SEFI-col] SEFI-col 'input(cpu-buf)'  col_off=7631  col_w=8  bytes_hit=144
  [transient-SEFI-col] SEFI-col 'output'  col_off=7631  col_w=8  complete_rows=0  partial=1008 B  bytes_hit=0
  [transient-SEFI-col] SEFI-col TOTAL  bytes=25264 (weights=25120 input=144 output=0)  bits~101487
  [transient-SEFI-col] SEFI-col 'weights'  col_off=2482  col_w=8  complete_rows=3140  partial=4096 B  bytes_hit=25128
  [transient-SEFI-col] SEFI-col 'input(cpu-buf)'  col_off=2482  col_w=8  bytes_hit=152
  [transient-SEFI-col] SEFI-col 'output'  col_off=2482  col_w=8  complete_rows=0  partial=1008 B  bytes_hit=0
  [transient-SEFI-col] SEFI-col TOTAL  bytes=25280 (weights=25128 input=152 output=0)  bits~101599
  [transient-SEFI-col] SEFI-col 'weights'  col_off=3413  col_w=8  complete_rows=3140  partial=4096 B  bytes_hit=25128
  [transient-SEFI-col] SEFI-col 'input(cpu-buf)'  col_off=3413  col_w=8  bytes_hit=144
  [transient-SEFI-col] SEFI-col 'output'  col_off=3413  col_w=8  complete_rows=0  partial=1008 B  bytes_hit=0
  [transient-SEFI-col] SEFI-col TOTAL  bytes=25272 (weights=25128 input=144 output=0)  bits~101729
  [transient-SEFI-col] SEFI-col 'weights'  col_off=1459  col_w=8  complete_rows=3140  partial=4096 B  bytes_hit=25128
  [transient-SEFI-col] SEFI-col 'input(cpu-buf)'  col_off=1459  col_w=8  bytes_hit=152
  [transient-SEFI-col] SEFI-col 'output'  col_off=1459  col_w=8  complete_rows=0  partial=1008 B  bytes_hit=0
  [transient-SEFI-col] SEFI-col TOTAL  bytes=25280 (weights=25128 input=152 output=0)  bits~101820
  [transient-SEFI-col] SEFI-col 'weights'  col_off=2515  col_w=8  complete_rows=3140  partial=4096 B  bytes_hit=25128
  [transient-SEFI-col] SEFI-col 'input(cpu-buf)'  col_off=2515  col_w=8  bytes_hit=152
  [transient-SEFI-col] SEFI-col 'output'  col_off=2515  col_w=8  complete_rows=0  partial=1008 B  bytes_hit=0
  [transient-SEFI-col] SEFI-col TOTAL  bytes=25280 (weights=25128 input=152 output=0)  bits~101647
  [transient-SEFI-col] SEFI-col 'weights'  col_off=4006  col_w=8  complete_rows=3140  partial=4096 B  bytes_hit=25128
  [transient-SEFI-col] SEFI-col 'input(cpu-buf)'  col_off=4006  col_w=8  bytes_hit=144
  [transient-SEFI-col] SEFI-col 'output'  col_off=4006  col_w=8  complete_rows=0  partial=1008 B  bytes_hit=0
  [transient-SEFI-col] SEFI-col TOTAL  bytes=25272 (weights=25128 input=144 output=0)  bits~101568
  [transient-SEFI-col] SEFI-col 'weights'  col_off=3587  col_w=8  complete_rows=3140  partial=4096 B  bytes_hit=25128
  [transient-SEFI-col] SEFI-col 'input(cpu-buf)'  col_off=3587  col_w=8  bytes_hit=144
  [transient-SEFI-col] SEFI-col 'output'  col_off=3587  col_w=8  complete_rows=0  partial=1008 B  bytes_hit=0
  [transient-SEFI-col] SEFI-col TOTAL  bytes=25272 (weights=25128 input=144 output=0)  bits~101110
  [transient-SEFI-col] SEFI-col 'weights'  col_off=5055  col_w=8  complete_rows=3140  partial=4096 B  bytes_hit=25120
  [transient-SEFI-col] SEFI-col 'input(cpu-buf)'  col_off=5055  col_w=8  bytes_hit=144
  [transient-SEFI-col] SEFI-col 'output'  col_off=5055  col_w=8  complete_rows=0  partial=1008 B  bytes_hit=0
  [transient-SEFI-col] SEFI-col TOTAL  bytes=25264 (weights=25120 input=144 output=0)  bits~101564
  [transient-SEFI-col] SEFI-col 'weights'  col_off=2329  col_w=8  complete_rows=3140  partial=4096 B  bytes_hit=25128
  [transient-SEFI-col] SEFI-col 'input(cpu-buf)'  col_off=2329  col_w=8  bytes_hit=152
  [transient-SEFI-col] SEFI-col 'output'  col_off=2329  col_w=8  complete_rows=0  partial=1008 B  bytes_hit=0
  [transient-SEFI-col] SEFI-col TOTAL  bytes=25280 (weights=25128 input=152 output=0)  bits~101650
  [transient-SEFI-col] SEFI-col 'weights'  col_off=5368  col_w=8  complete_rows=3140  partial=4096 B  bytes_hit=25120
  [transient-SEFI-col] SEFI-col 'input(cpu-buf)'  col_off=5368  col_w=8  bytes_hit=144
  [transient-SEFI-col] SEFI-col 'output'  col_off=5368  col_w=8  complete_rows=0  partial=1008 B  bytes_hit=0
  [transient-SEFI-col] SEFI-col TOTAL  bytes=25264 (weights=25120 input=144 output=0)  bits~101445
  [transient-SEFI-col] SEFI-col 'weights'  col_off=6021  col_w=8  complete_rows=3140  partial=4096 B  bytes_hit=25120
  [transient-SEFI-col] SEFI-col 'input(cpu-buf)'  col_off=6021  col_w=8  bytes_hit=144
  [transient-SEFI-col] SEFI-col 'output'  col_off=6021  col_w=8  complete_rows=0  partial=1008 B  bytes_hit=0
  [transient-SEFI-col] SEFI-col TOTAL  bytes=25264 (weights=25120 input=144 output=0)  bits~101466
  [transient-SEFI-col] SEFI-col 'weights'  col_off=6925  col_w=8  complete_rows=3140  partial=4096 B  bytes_hit=25120
  [transient-SEFI-col] SEFI-col 'input(cpu-buf)'  col_off=6925  col_w=8  bytes_hit=144
  [transient-SEFI-col] SEFI-col 'output'  col_off=6925  col_w=8  complete_rows=0  partial=1008 B  bytes_hit=0
  [transient-SEFI-col] SEFI-col TOTAL  bytes=25264 (weights=25120 input=144 output=0)  bits~101223
  [transient-SEFI-col] SEFI-col 'weights'  col_off=4885  col_w=8  complete_rows=3140  partial=4096 B  bytes_hit=25120
  [transient-SEFI-col] SEFI-col 'input(cpu-buf)'  col_off=4885  col_w=8  bytes_hit=144
  [transient-SEFI-col] SEFI-col 'output'  col_off=4885  col_w=8  complete_rows=0  partial=1008 B  bytes_hit=0
  [transient-SEFI-col] SEFI-col TOTAL  bytes=25264 (weights=25120 input=144 output=0)  bits~101666
  [transient-SEFI-col] SEFI-col 'weights'  col_off=3090  col_w=8  complete_rows=3140  partial=4096 B  bytes_hit=25128
  [transient-SEFI-col] SEFI-col 'input(cpu-buf)'  col_off=3090  col_w=8  bytes_hit=144
  [transient-SEFI-col] SEFI-col 'output'  col_off=3090  col_w=8  complete_rows=0  partial=1008 B  bytes_hit=0
  [transient-SEFI-col] SEFI-col TOTAL  bytes=25272 (weights=25128 input=144 output=0)  bits~101573
  [transient-SEFI-col] SEFI-col 'weights'  col_off=3726  col_w=8  complete_rows=3140  partial=4096 B  bytes_hit=25128
  [transient-SEFI-col] SEFI-col 'input(cpu-buf)'  col_off=3726  col_w=8  bytes_hit=144
  [transient-SEFI-col] SEFI-col 'output'  col_off=3726  col_w=8  complete_rows=0  partial=1008 B  bytes_hit=0
  [transient-SEFI-col] SEFI-col TOTAL  bytes=25272 (weights=25128 input=144 output=0)  bits~101228
  [transient-SEFI-col] SEFI-col 'weights'  col_off=6804  col_w=8  complete_rows=3140  partial=4096 B  bytes_hit=25120
  [transient-SEFI-col] SEFI-col 'input(cpu-buf)'  col_off=6804  col_w=8  bytes_hit=144
  [transient-SEFI-col] SEFI-col 'output'  col_off=6804  col_w=8  complete_rows=0  partial=1008 B  bytes_hit=0
  [transient-SEFI-col] SEFI-col TOTAL  bytes=25264 (weights=25120 input=144 output=0)  bits~101652
  [transient-SEFI-col] SEFI-col 'weights'  col_off=6274  col_w=8  complete_rows=3140  partial=4096 B  bytes_hit=25120
  [transient-SEFI-col] SEFI-col 'input(cpu-buf)'  col_off=6274  col_w=8  bytes_hit=144
  [transient-SEFI-col] SEFI-col 'output'  col_off=6274  col_w=8  complete_rows=0  partial=1008 B  bytes_hit=0
  [transient-SEFI-col] SEFI-col TOTAL  bytes=25264 (weights=25120 input=144 output=0)  bits~101477
  [transient-SEFI-col] SEFI-col 'weights'  col_off=1312  col_w=8  complete_rows=3140  partial=4096 B  bytes_hit=25128
  [transient-SEFI-col] SEFI-col 'input(cpu-buf)'  col_off=1312  col_w=8  bytes_hit=152
  [transient-SEFI-col] SEFI-col 'output'  col_off=1312  col_w=8  complete_rows=0  partial=1008 B  bytes_hit=0
  [transient-SEFI-col] SEFI-col TOTAL  bytes=25280 (weights=25128 input=152 output=0)  bits~102027
  [transient-SEFI-col] SEFI-col 'weights'  col_off=1564  col_w=8  complete_rows=3140  partial=4096 B  bytes_hit=25128
  [transient-SEFI-col] SEFI-col 'input(cpu-buf)'  col_off=1564  col_w=8  bytes_hit=152
  [transient-SEFI-col] SEFI-col 'output'  col_off=1564  col_w=8  complete_rows=0  partial=1008 B  bytes_hit=0
  [transient-SEFI-col] SEFI-col TOTAL  bytes=25280 (weights=25128 input=152 output=0)  bits~101253
  [transient-SEFI-col] SEFI-col 'weights'  col_off=2446  col_w=8  complete_rows=3140  partial=4096 B  bytes_hit=25128
  [transient-SEFI-col] SEFI-col 'input(cpu-buf)'  col_off=2446  col_w=8  bytes_hit=152
  [transient-SEFI-col] SEFI-col 'output'  col_off=2446  col_w=8  complete_rows=0  partial=1008 B  bytes_hit=0
  [transient-SEFI-col] SEFI-col TOTAL  bytes=25280 (weights=25128 input=152 output=0)  bits~101701
  [transient-SEFI-col] SEFI-col 'weights'  col_off=4050  col_w=8  complete_rows=3140  partial=4096 B  bytes_hit=25128
  [transient-SEFI-col] SEFI-col 'input(cpu-buf)'  col_off=4050  col_w=8  bytes_hit=144
  [transient-SEFI-col] SEFI-col 'output'  col_off=4050  col_w=8  complete_rows=0  partial=1008 B  bytes_hit=0
  [transient-SEFI-col] SEFI-col TOTAL  bytes=25272 (weights=25128 input=144 output=0)  bits~101763
  [transient-SEFI-col] SEFI-col 'weights'  col_off=4856  col_w=8  complete_rows=3140  partial=4096 B  bytes_hit=25120
  [transient-SEFI-col] SEFI-col 'input(cpu-buf)'  col_off=4856  col_w=8  bytes_hit=144
  [transient-SEFI-col] SEFI-col 'output'  col_off=4856  col_w=8  complete_rows=0  partial=1008 B  bytes_hit=0
  [transient-SEFI-col] SEFI-col TOTAL  bytes=25264 (weights=25120 input=144 output=0)  bits~101433
  [transient-SEFI-col] SEFI-col 'weights'  col_off=7719  col_w=8  complete_rows=3140  partial=4096 B  bytes_hit=25120
  [transient-SEFI-col] SEFI-col 'input(cpu-buf)'  col_off=7719  col_w=8  bytes_hit=144
  [transient-SEFI-col] SEFI-col 'output'  col_off=7719  col_w=8  complete_rows=0  partial=1008 B  bytes_hit=0
  [transient-SEFI-col] SEFI-col TOTAL  bytes=25264 (weights=25120 input=144 output=0)  bits~101652
  [transient-SEFI-col] SEFI-col 'weights'  col_off=2806  col_w=8  complete_rows=3140  partial=4096 B  bytes_hit=25128
  [transient-SEFI-col] SEFI-col 'input(cpu-buf)'  col_off=2806  col_w=8  bytes_hit=152
  [transient-SEFI-col] SEFI-col 'output'  col_off=2806  col_w=8  complete_rows=0  partial=1008 B  bytes_hit=0
  [transient-SEFI-col] SEFI-col TOTAL  bytes=25280 (weights=25128 input=152 output=0)  bits~101477
  [transient-SEFI-col] SEFI-col 'weights'  col_off=3942  col_w=8  complete_rows=3140  partial=4096 B  bytes_hit=25128
  [transient-SEFI-col] SEFI-col 'input(cpu-buf)'  col_off=3942  col_w=8  bytes_hit=144
  [transient-SEFI-col] SEFI-col 'output'  col_off=3942  col_w=8  complete_rows=0  partial=1008 B  bytes_hit=0
  [transient-SEFI-col] SEFI-col TOTAL  bytes=25272 (weights=25128 input=144 output=0)  bits~101809
  [transient-SEFI-col] SEFI-col 'weights'  col_off=5791  col_w=8  complete_rows=3140  partial=4096 B  bytes_hit=25120
  [transient-SEFI-col] SEFI-col 'input(cpu-buf)'  col_off=5791  col_w=8  bytes_hit=144
  [transient-SEFI-col] SEFI-col 'output'  col_off=5791  col_w=8  complete_rows=0  partial=1008 B  bytes_hit=0
  [transient-SEFI-col] SEFI-col TOTAL  bytes=25264 (weights=25120 input=144 output=0)  bits~101107
  [transient-SEFI-col] SEFI-col 'weights'  col_off=3860  col_w=8  complete_rows=3140  partial=4096 B  bytes_hit=25128
  [transient-SEFI-col] SEFI-col 'input(cpu-buf)'  col_off=3860  col_w=8  bytes_hit=144
  [transient-SEFI-col] SEFI-col 'output'  col_off=3860  col_w=8  complete_rows=0  partial=1008 B  bytes_hit=0
  [transient-SEFI-col] SEFI-col TOTAL  bytes=25272 (weights=25128 input=144 output=0)  bits~101760
  [transient-SEFI-col] SEFI-col 'weights'  col_off=1257  col_w=8  complete_rows=3140  partial=4096 B  bytes_hit=25128
  [transient-SEFI-col] SEFI-col 'input(cpu-buf)'  col_off=1257  col_w=8  bytes_hit=152
  [transient-SEFI-col] SEFI-col 'output'  col_off=1257  col_w=8  complete_rows=0  partial=1008 B  bytes_hit=0
  [transient-SEFI-col] SEFI-col TOTAL  bytes=25280 (weights=25128 input=152 output=0)  bits~101901
  [transient-SEFI-col] SEFI-col 'weights'  col_off=3662  col_w=8  complete_rows=3140  partial=4096 B  bytes_hit=25128
  [transient-SEFI-col] SEFI-col 'input(cpu-buf)'  col_off=3662  col_w=8  bytes_hit=144
  [transient-SEFI-col] SEFI-col 'output'  col_off=3662  col_w=8  complete_rows=0  partial=1008 B  bytes_hit=0
  [transient-SEFI-col] SEFI-col TOTAL  bytes=25272 (weights=25128 input=144 output=0)  bits~101385
[Summary] target=weights  baseline=71.00%  faulty=43.00%

──── target=input_tensor ────
  [transient-SEFI-col] SEFI-col 'weights'  col_off=5645  col_w=8  complete_rows=3140  partial=4096 B  bytes_hit=25120
  [transient-SEFI-col] SEFI-col 'input(cpu-buf)'  col_off=5645  col_w=8  bytes_hit=144
  [transient-SEFI-col] SEFI-col 'output'  col_off=5645  col_w=8  complete_rows=0  partial=1008 B  bytes_hit=0
  [transient-SEFI-col] SEFI-col TOTAL  bytes=25264 (weights=25120 input=144 output=0)  bits~101432
  [transient-SEFI-col] SEFI-col 'weights'  col_off=3203  col_w=8  complete_rows=3140  partial=4096 B  bytes_hit=25128
  [transient-SEFI-col] SEFI-col 'input(cpu-buf)'  col_off=3203  col_w=8  bytes_hit=144
  [transient-SEFI-col] SEFI-col 'output'  col_off=3203  col_w=8  complete_rows=0  partial=1008 B  bytes_hit=0
  [transient-SEFI-col] SEFI-col TOTAL  bytes=25272 (weights=25128 input=144 output=0)  bits~101411
  [transient-SEFI-col] SEFI-col 'weights'  col_off=1955  col_w=8  complete_rows=3140  partial=4096 B  bytes_hit=25128
  [transient-SEFI-col] SEFI-col 'input(cpu-buf)'  col_off=1955  col_w=8  bytes_hit=152
  [transient-SEFI-col] SEFI-col 'output'  col_off=1955  col_w=8  complete_rows=0  partial=1008 B  bytes_hit=0
  [transient-SEFI-col] SEFI-col TOTAL  bytes=25280 (weights=25128 input=152 output=0)  bits~101662
  [transient-SEFI-col] SEFI-col 'weights'  col_off=3043  col_w=8  complete_rows=3140  partial=4096 B  bytes_hit=25128
  [transient-SEFI-col] SEFI-col 'input(cpu-buf)'  col_off=3043  col_w=8  bytes_hit=152
  [transient-SEFI-col] SEFI-col 'output'  col_off=3043  col_w=8  complete_rows=0  partial=1008 B  bytes_hit=0
  [transient-SEFI-col] SEFI-col TOTAL  bytes=25280 (weights=25128 input=152 output=0)  bits~101661
  [transient-SEFI-col] SEFI-col 'weights'  col_off=4368  col_w=8  complete_rows=3140  partial=4096 B  bytes_hit=25120
  [transient-SEFI-col] SEFI-col 'input(cpu-buf)'  col_off=4368  col_w=8  bytes_hit=144
  [transient-SEFI-col] SEFI-col 'output'  col_off=4368  col_w=8  complete_rows=0  partial=1008 B  bytes_hit=0
  [transient-SEFI-col] SEFI-col TOTAL  bytes=25264 (weights=25120 input=144 output=0)  bits~101621
  [transient-SEFI-col] SEFI-col 'weights'  col_off=7563  col_w=8  complete_rows=3140  partial=4096 B  bytes_hit=25120
  [transient-SEFI-col] SEFI-col 'input(cpu-buf)'  col_off=7563  col_w=8  bytes_hit=144
  [transient-SEFI-col] SEFI-col 'output'  col_off=7563  col_w=8  complete_rows=0  partial=1008 B  bytes_hit=0
  [transient-SEFI-col] SEFI-col TOTAL  bytes=25264 (weights=25120 input=144 output=0)  bits~101504
  [transient-SEFI-col] SEFI-col 'weights'  col_off=3786  col_w=8  complete_rows=3140  partial=4096 B  bytes_hit=25128
  [transient-SEFI-col] SEFI-col 'input(cpu-buf)'  col_off=3786  col_w=8  bytes_hit=144
  [transient-SEFI-col] SEFI-col 'output'  col_off=3786  col_w=8  complete_rows=0  partial=1008 B  bytes_hit=0
  [transient-SEFI-col] SEFI-col TOTAL  bytes=25272 (weights=25128 input=144 output=0)  bits~101537
  [transient-SEFI-col] SEFI-col 'weights'  col_off=754  col_w=8  complete_rows=3140  partial=4096 B  bytes_hit=25128
  [transient-SEFI-col] SEFI-col 'input(cpu-buf)'  col_off=754  col_w=8  bytes_hit=152
  [transient-SEFI-col] SEFI-col 'output'  col_off=754  col_w=8  complete_rows=0  partial=1008 B  bytes_hit=8
  [transient-SEFI-col] SEFI-col TOTAL  bytes=25288 (weights=25128 input=152 output=8)  bits~101360
  [transient-SEFI-col] SEFI-col 'weights'  col_off=3845  col_w=8  complete_rows=3140  partial=4096 B  bytes_hit=25128
  [transient-SEFI-col] SEFI-col 'input(cpu-buf)'  col_off=3845  col_w=8  bytes_hit=144
  [transient-SEFI-col] SEFI-col 'output'  col_off=3845  col_w=8  complete_rows=0  partial=1008 B  bytes_hit=0
  [transient-SEFI-col] SEFI-col TOTAL  bytes=25272 (weights=25128 input=144 output=0)  bits~101184
  [transient-SEFI-col] SEFI-col 'weights'  col_off=4053  col_w=8  complete_rows=3140  partial=4096 B  bytes_hit=25128
  [transient-SEFI-col] SEFI-col 'input(cpu-buf)'  col_off=4053  col_w=8  bytes_hit=144
  [transient-SEFI-col] SEFI-col 'output'  col_off=4053  col_w=8  complete_rows=0  partial=1008 B  bytes_hit=0
  [transient-SEFI-col] SEFI-col TOTAL  bytes=25272 (weights=25128 input=144 output=0)  bits~101548
  [transient-SEFI-col] SEFI-col 'weights'  col_off=1505  col_w=8  complete_rows=3140  partial=4096 B  bytes_hit=25128
  [transient-SEFI-col] SEFI-col 'input(cpu-buf)'  col_off=1505  col_w=8  bytes_hit=152
  [transient-SEFI-col] SEFI-col 'output'  col_off=1505  col_w=8  complete_rows=0  partial=1008 B  bytes_hit=0
  [transient-SEFI-col] SEFI-col TOTAL  bytes=25280 (weights=25128 input=152 output=0)  bits~101233
  [transient-SEFI-col] SEFI-col 'weights'  col_off=6717  col_w=8  complete_rows=3140  partial=4096 B  bytes_hit=25120
  [transient-SEFI-col] SEFI-col 'input(cpu-buf)'  col_off=6717  col_w=8  bytes_hit=144
  [transient-SEFI-col] SEFI-col 'output'  col_off=6717  col_w=8  complete_rows=0  partial=1008 B  bytes_hit=0
  [transient-SEFI-col] SEFI-col TOTAL  bytes=25264 (weights=25120 input=144 output=0)  bits~101638
  [transient-SEFI-col] SEFI-col 'weights'  col_off=7112  col_w=8  complete_rows=3140  partial=4096 B  bytes_hit=25120
  [transient-SEFI-col] SEFI-col 'input(cpu-buf)'  col_off=7112  col_w=8  bytes_hit=144
  [transient-SEFI-col] SEFI-col 'output'  col_off=7112  col_w=8  complete_rows=0  partial=1008 B  bytes_hit=0
  [transient-SEFI-col] SEFI-col TOTAL  bytes=25264 (weights=25120 input=144 output=0)  bits~101351
  [transient-SEFI-col] SEFI-col 'weights'  col_off=1191  col_w=8  complete_rows=3140  partial=4096 B  bytes_hit=25128
  [transient-SEFI-col] SEFI-col 'input(cpu-buf)'  col_off=1191  col_w=8  bytes_hit=152
  [transient-SEFI-col] SEFI-col 'output'  col_off=1191  col_w=8  complete_rows=0  partial=1008 B  bytes_hit=0
  [transient-SEFI-col] SEFI-col TOTAL  bytes=25280 (weights=25128 input=152 output=0)  bits~101703
  [transient-SEFI-col] SEFI-col 'weights'  col_off=4770  col_w=8  complete_rows=3140  partial=4096 B  bytes_hit=25120
  [transient-SEFI-col] SEFI-col 'input(cpu-buf)'  col_off=4770  col_w=8  bytes_hit=144
  [transient-SEFI-col] SEFI-col 'output'  col_off=4770  col_w=8  complete_rows=0  partial=1008 B  bytes_hit=0
  [transient-SEFI-col] SEFI-col TOTAL  bytes=25264 (weights=25120 input=144 output=0)  bits~101543
  [transient-SEFI-col] SEFI-col 'weights'  col_off=1964  col_w=8  complete_rows=3140  partial=4096 B  bytes_hit=25128
  [transient-SEFI-col] SEFI-col 'input(cpu-buf)'  col_off=1964  col_w=8  bytes_hit=152
  [transient-SEFI-col] SEFI-col 'output'  col_off=1964  col_w=8  complete_rows=0  partial=1008 B  bytes_hit=0
  [transient-SEFI-col] SEFI-col TOTAL  bytes=25280 (weights=25128 input=152 output=0)  bits~101315
  [transient-SEFI-col] SEFI-col 'weights'  col_off=6178  col_w=8  complete_rows=3140  partial=4096 B  bytes_hit=25120
  [transient-SEFI-col] SEFI-col 'input(cpu-buf)'  col_off=6178  col_w=8  bytes_hit=144
  [transient-SEFI-col] SEFI-col 'output'  col_off=6178  col_w=8  complete_rows=0  partial=1008 B  bytes_hit=0
  [transient-SEFI-col] SEFI-col TOTAL  bytes=25264 (weights=25120 input=144 output=0)  bits~101370
  [transient-SEFI-col] SEFI-col 'weights'  col_off=1039  col_w=8  complete_rows=3140  partial=4096 B  bytes_hit=25128
  [transient-SEFI-col] SEFI-col 'input(cpu-buf)'  col_off=1039  col_w=8  bytes_hit=152
  [transient-SEFI-col] SEFI-col 'output'  col_off=1039  col_w=8  complete_rows=0  partial=1008 B  bytes_hit=0
  [transient-SEFI-col] SEFI-col TOTAL  bytes=25280 (weights=25128 input=152 output=0)  bits~101756
  [transient-SEFI-col] SEFI-col 'weights'  col_off=4523  col_w=8  complete_rows=3140  partial=4096 B  bytes_hit=25120
  [transient-SEFI-col] SEFI-col 'input(cpu-buf)'  col_off=4523  col_w=8  bytes_hit=144
  [transient-SEFI-col] SEFI-col 'output'  col_off=4523  col_w=8  complete_rows=0  partial=1008 B  bytes_hit=0
  [transient-SEFI-col] SEFI-col TOTAL  bytes=25264 (weights=25120 input=144 output=0)  bits~101071
  [transient-SEFI-col] SEFI-col 'weights'  col_off=5813  col_w=8  complete_rows=3140  partial=4096 B  bytes_hit=25120
  [transient-SEFI-col] SEFI-col 'input(cpu-buf)'  col_off=5813  col_w=8  bytes_hit=144
  [transient-SEFI-col] SEFI-col 'output'  col_off=5813  col_w=8  complete_rows=0  partial=1008 B  bytes_hit=0
  [transient-SEFI-col] SEFI-col TOTAL  bytes=25264 (weights=25120 input=144 output=0)  bits~101326
  [transient-SEFI-col] SEFI-col 'weights'  col_off=2492  col_w=8  complete_rows=3140  partial=4096 B  bytes_hit=25128
  [transient-SEFI-col] SEFI-col 'input(cpu-buf)'  col_off=2492  col_w=8  bytes_hit=152
  [transient-SEFI-col] SEFI-col 'output'  col_off=2492  col_w=8  complete_rows=0  partial=1008 B  bytes_hit=0
  [transient-SEFI-col] SEFI-col TOTAL  bytes=25280 (weights=25128 input=152 output=0)  bits~101352
  [transient-SEFI-col] SEFI-col 'weights'  col_off=499  col_w=8  complete_rows=3140  partial=4096 B  bytes_hit=25128
  [transient-SEFI-col] SEFI-col 'input(cpu-buf)'  col_off=499  col_w=8  bytes_hit=152
  [transient-SEFI-col] SEFI-col 'output'  col_off=499  col_w=8  complete_rows=0  partial=1008 B  bytes_hit=8
  [transient-SEFI-col] SEFI-col TOTAL  bytes=25288 (weights=25128 input=152 output=8)  bits~101287
  [transient-SEFI-col] SEFI-col 'weights'  col_off=2786  col_w=8  complete_rows=3140  partial=4096 B  bytes_hit=25128
  [transient-SEFI-col] SEFI-col 'input(cpu-buf)'  col_off=2786  col_w=8  bytes_hit=152
  [transient-SEFI-col] SEFI-col 'output'  col_off=2786  col_w=8  complete_rows=0  partial=1008 B  bytes_hit=0
  [transient-SEFI-col] SEFI-col TOTAL  bytes=25280 (weights=25128 input=152 output=0)  bits~101641
  [transient-SEFI-col] SEFI-col 'weights'  col_off=7195  col_w=8  complete_rows=3140  partial=4096 B  bytes_hit=25120
  [transient-SEFI-col] SEFI-col 'input(cpu-buf)'  col_off=7195  col_w=8  bytes_hit=144
  [transient-SEFI-col] SEFI-col 'output'  col_off=7195  col_w=8  complete_rows=0  partial=1008 B  bytes_hit=0
  [transient-SEFI-col] SEFI-col TOTAL  bytes=25264 (weights=25120 input=144 output=0)  bits~101276
  [transient-SEFI-col] SEFI-col 'weights'  col_off=635  col_w=8  complete_rows=3140  partial=4096 B  bytes_hit=25128
  [transient-SEFI-col] SEFI-col 'input(cpu-buf)'  col_off=635  col_w=8  bytes_hit=152
  [transient-SEFI-col] SEFI-col 'output'  col_off=635  col_w=8  complete_rows=0  partial=1008 B  bytes_hit=8
  [transient-SEFI-col] SEFI-col TOTAL  bytes=25288 (weights=25128 input=152 output=8)  bits~101760
  [transient-SEFI-col] SEFI-col 'weights'  col_off=5707  col_w=8  complete_rows=3140  partial=4096 B  bytes_hit=25120
  [transient-SEFI-col] SEFI-col 'input(cpu-buf)'  col_off=5707  col_w=8  bytes_hit=144
  [transient-SEFI-col] SEFI-col 'output'  col_off=5707  col_w=8  complete_rows=0  partial=1008 B  bytes_hit=0
  [transient-SEFI-col] SEFI-col TOTAL  bytes=25264 (weights=25120 input=144 output=0)  bits~101451
  [transient-SEFI-col] SEFI-col 'weights'  col_off=4547  col_w=8  complete_rows=3140  partial=4096 B  bytes_hit=25120
  [transient-SEFI-col] SEFI-col 'input(cpu-buf)'  col_off=4547  col_w=8  bytes_hit=144
  [transient-SEFI-col] SEFI-col 'output'  col_off=4547  col_w=8  complete_rows=0  partial=1008 B  bytes_hit=0
  [transient-SEFI-col] SEFI-col TOTAL  bytes=25264 (weights=25120 input=144 output=0)  bits~101662
  [transient-SEFI-col] SEFI-col 'weights'  col_off=8035  col_w=8  complete_rows=3140  partial=4096 B  bytes_hit=25120
  [transient-SEFI-col] SEFI-col 'input(cpu-buf)'  col_off=8035  col_w=8  bytes_hit=144
  [transient-SEFI-col] SEFI-col 'output'  col_off=8035  col_w=8  complete_rows=0  partial=1008 B  bytes_hit=0
  [transient-SEFI-col] SEFI-col TOTAL  bytes=25264 (weights=25120 input=144 output=0)  bits~100887
  [transient-SEFI-col] SEFI-col 'weights'  col_off=1839  col_w=8  complete_rows=3140  partial=4096 B  bytes_hit=25128
  [transient-SEFI-col] SEFI-col 'input(cpu-buf)'  col_off=1839  col_w=8  bytes_hit=152
  [transient-SEFI-col] SEFI-col 'output'  col_off=1839  col_w=8  complete_rows=0  partial=1008 B  bytes_hit=0
  [transient-SEFI-col] SEFI-col TOTAL  bytes=25280 (weights=25128 input=152 output=0)  bits~101199
  [transient-SEFI-col] SEFI-col 'weights'  col_off=3357  col_w=8  complete_rows=3140  partial=4096 B  bytes_hit=25128
  [transient-SEFI-col] SEFI-col 'input(cpu-buf)'  col_off=3357  col_w=8  bytes_hit=144
  [transient-SEFI-col] SEFI-col 'output'  col_off=3357  col_w=8  complete_rows=0  partial=1008 B  bytes_hit=0
  [transient-SEFI-col] SEFI-col TOTAL  bytes=25272 (weights=25128 input=144 output=0)  bits~101354
  [transient-SEFI-col] SEFI-col 'weights'  col_off=4577  col_w=8  complete_rows=3140  partial=4096 B  bytes_hit=25120
  [transient-SEFI-col] SEFI-col 'input(cpu-buf)'  col_off=4577  col_w=8  bytes_hit=144
  [transient-SEFI-col] SEFI-col 'output'  col_off=4577  col_w=8  complete_rows=0  partial=1008 B  bytes_hit=0
  [transient-SEFI-col] SEFI-col TOTAL  bytes=25264 (weights=25120 input=144 output=0)  bits~101399
  [transient-SEFI-col] SEFI-col 'weights'  col_off=7389  col_w=8  complete_rows=3140  partial=4096 B  bytes_hit=25120
  [transient-SEFI-col] SEFI-col 'input(cpu-buf)'  col_off=7389  col_w=8  bytes_hit=144
  [transient-SEFI-col] SEFI-col 'output'  col_off=7389  col_w=8  complete_rows=0  partial=1008 B  bytes_hit=0
  [transient-SEFI-col] SEFI-col TOTAL  bytes=25264 (weights=25120 input=144 output=0)  bits~101458
  [transient-SEFI-col] SEFI-col 'weights'  col_off=7471  col_w=8  complete_rows=3140  partial=4096 B  bytes_hit=25120
  [transient-SEFI-col] SEFI-col 'input(cpu-buf)'  col_off=7471  col_w=8  bytes_hit=144
  [transient-SEFI-col] SEFI-col 'output'  col_off=7471  col_w=8  complete_rows=0  partial=1008 B  bytes_hit=0
  [transient-SEFI-col] SEFI-col TOTAL  bytes=25264 (weights=25120 input=144 output=0)  bits~101406
  [transient-SEFI-col] SEFI-col 'weights'  col_off=5409  col_w=8  complete_rows=3140  partial=4096 B  bytes_hit=25120
  [transient-SEFI-col] SEFI-col 'input(cpu-buf)'  col_off=5409  col_w=8  bytes_hit=144
  [transient-SEFI-col] SEFI-col 'output'  col_off=5409  col_w=8  complete_rows=0  partial=1008 B  bytes_hit=0
  [transient-SEFI-col] SEFI-col TOTAL  bytes=25264 (weights=25120 input=144 output=0)  bits~101162
  [transient-SEFI-col] SEFI-col 'weights'  col_off=2983  col_w=8  complete_rows=3140  partial=4096 B  bytes_hit=25128
  [transient-SEFI-col] SEFI-col 'input(cpu-buf)'  col_off=2983  col_w=8  bytes_hit=152
  [transient-SEFI-col] SEFI-col 'output'  col_off=2983  col_w=8  complete_rows=0  partial=1008 B  bytes_hit=0
  [transient-SEFI-col] SEFI-col TOTAL  bytes=25280 (weights=25128 input=152 output=0)  bits~101365
  [transient-SEFI-col] SEFI-col 'weights'  col_off=5923  col_w=8  complete_rows=3140  partial=4096 B  bytes_hit=25120
  [transient-SEFI-col] SEFI-col 'input(cpu-buf)'  col_off=5923  col_w=8  bytes_hit=144
  [transient-SEFI-col] SEFI-col 'output'  col_off=5923  col_w=8  complete_rows=0  partial=1008 B  bytes_hit=0
  [transient-SEFI-col] SEFI-col TOTAL  bytes=25264 (weights=25120 input=144 output=0)  bits~101452
  [transient-SEFI-col] SEFI-col 'weights'  col_off=6312  col_w=8  complete_rows=3140  partial=4096 B  bytes_hit=25120
  [transient-SEFI-col] SEFI-col 'input(cpu-buf)'  col_off=6312  col_w=8  bytes_hit=144
  [transient-SEFI-col] SEFI-col 'output'  col_off=6312  col_w=8  complete_rows=0  partial=1008 B  bytes_hit=0
  [transient-SEFI-col] SEFI-col TOTAL  bytes=25264 (weights=25120 input=144 output=0)  bits~101575
  [transient-SEFI-col] SEFI-col 'weights'  col_off=6720  col_w=8  complete_rows=3140  partial=4096 B  bytes_hit=25120
  [transient-SEFI-col] SEFI-col 'input(cpu-buf)'  col_off=6720  col_w=8  bytes_hit=144
  [transient-SEFI-col] SEFI-col 'output'  col_off=6720  col_w=8  complete_rows=0  partial=1008 B  bytes_hit=0
  [transient-SEFI-col] SEFI-col TOTAL  bytes=25264 (weights=25120 input=144 output=0)  bits~101737
  [transient-SEFI-col] SEFI-col 'weights'  col_off=440  col_w=8  complete_rows=3140  partial=4096 B  bytes_hit=25128
  [transient-SEFI-col] SEFI-col 'input(cpu-buf)'  col_off=440  col_w=8  bytes_hit=152
  [transient-SEFI-col] SEFI-col 'output'  col_off=440  col_w=8  complete_rows=0  partial=1008 B  bytes_hit=8
  [transient-SEFI-col] SEFI-col TOTAL  bytes=25288 (weights=25128 input=152 output=8)  bits~101513
  [transient-SEFI-col] SEFI-col 'weights'  col_off=750  col_w=8  complete_rows=3140  partial=4096 B  bytes_hit=25128
  [transient-SEFI-col] SEFI-col 'input(cpu-buf)'  col_off=750  col_w=8  bytes_hit=152
  [transient-SEFI-col] SEFI-col 'output'  col_off=750  col_w=8  complete_rows=0  partial=1008 B  bytes_hit=8
  [transient-SEFI-col] SEFI-col TOTAL  bytes=25288 (weights=25128 input=152 output=8)  bits~101129
  [transient-SEFI-col] SEFI-col 'weights'  col_off=3295  col_w=8  complete_rows=3140  partial=4096 B  bytes_hit=25128
  [transient-SEFI-col] SEFI-col 'input(cpu-buf)'  col_off=3295  col_w=8  bytes_hit=144
  [transient-SEFI-col] SEFI-col 'output'  col_off=3295  col_w=8  complete_rows=0  partial=1008 B  bytes_hit=0
  [transient-SEFI-col] SEFI-col TOTAL  bytes=25272 (weights=25128 input=144 output=0)  bits~101774
  [transient-SEFI-col] SEFI-col 'weights'  col_off=5057  col_w=8  complete_rows=3140  partial=4096 B  bytes_hit=25120
  [transient-SEFI-col] SEFI-col 'input(cpu-buf)'  col_off=5057  col_w=8  bytes_hit=144
  [transient-SEFI-col] SEFI-col 'output'  col_off=5057  col_w=8  complete_rows=0  partial=1008 B  bytes_hit=0
  [transient-SEFI-col] SEFI-col TOTAL  bytes=25264 (weights=25120 input=144 output=0)  bits~101573
  [transient-SEFI-col] SEFI-col 'weights'  col_off=680  col_w=8  complete_rows=3140  partial=4096 B  bytes_hit=25128
  [transient-SEFI-col] SEFI-col 'input(cpu-buf)'  col_off=680  col_w=8  bytes_hit=152
  [transient-SEFI-col] SEFI-col 'output'  col_off=680  col_w=8  complete_rows=0  partial=1008 B  bytes_hit=8
  [transient-SEFI-col] SEFI-col TOTAL  bytes=25288 (weights=25128 input=152 output=8)  bits~101315
  [transient-SEFI-col] SEFI-col 'weights'  col_off=8154  col_w=8  complete_rows=3140  partial=4096 B  bytes_hit=25120
  [transient-SEFI-col] SEFI-col 'input(cpu-buf)'  col_off=8154  col_w=8  bytes_hit=144
  [transient-SEFI-col] SEFI-col 'output'  col_off=8154  col_w=8  complete_rows=0  partial=1008 B  bytes_hit=0
  [transient-SEFI-col] SEFI-col TOTAL  bytes=25264 (weights=25120 input=144 output=0)  bits~101283
  [transient-SEFI-col] SEFI-col 'weights'  col_off=4423  col_w=8  complete_rows=3140  partial=4096 B  bytes_hit=25120
  [transient-SEFI-col] SEFI-col 'input(cpu-buf)'  col_off=4423  col_w=8  bytes_hit=144
  [transient-SEFI-col] SEFI-col 'output'  col_off=4423  col_w=8  complete_rows=0  partial=1008 B  bytes_hit=0
  [transient-SEFI-col] SEFI-col TOTAL  bytes=25264 (weights=25120 input=144 output=0)  bits~101878
  [transient-SEFI-col] SEFI-col 'weights'  col_off=1635  col_w=8  complete_rows=3140  partial=4096 B  bytes_hit=25128
  [transient-SEFI-col] SEFI-col 'input(cpu-buf)'  col_off=1635  col_w=8  bytes_hit=152
  [transient-SEFI-col] SEFI-col 'output'  col_off=1635  col_w=8  complete_rows=0  partial=1008 B  bytes_hit=0
  [transient-SEFI-col] SEFI-col TOTAL  bytes=25280 (weights=25128 input=152 output=0)  bits~101647
  [transient-SEFI-col] SEFI-col 'weights'  col_off=869  col_w=8  complete_rows=3140  partial=4096 B  bytes_hit=25128
  [transient-SEFI-col] SEFI-col 'input(cpu-buf)'  col_off=869  col_w=8  bytes_hit=152
  [transient-SEFI-col] SEFI-col 'output'  col_off=869  col_w=8  complete_rows=0  partial=1008 B  bytes_hit=8
  [transient-SEFI-col] SEFI-col TOTAL  bytes=25288 (weights=25128 input=152 output=8)  bits~101287
  [transient-SEFI-col] SEFI-col 'weights'  col_off=4116  col_w=8  complete_rows=3140  partial=4096 B  bytes_hit=25120
  [transient-SEFI-col] SEFI-col 'input(cpu-buf)'  col_off=4116  col_w=8  bytes_hit=144
  [transient-SEFI-col] SEFI-col 'output'  col_off=4116  col_w=8  complete_rows=0  partial=1008 B  bytes_hit=0
  [transient-SEFI-col] SEFI-col TOTAL  bytes=25264 (weights=25120 input=144 output=0)  bits~101245
  [transient-SEFI-col] SEFI-col 'weights'  col_off=6476  col_w=8  complete_rows=3140  partial=4096 B  bytes_hit=25120
  [transient-SEFI-col] SEFI-col 'input(cpu-buf)'  col_off=6476  col_w=8  bytes_hit=144
  [transient-SEFI-col] SEFI-col 'output'  col_off=6476  col_w=8  complete_rows=0  partial=1008 B  bytes_hit=0
  [transient-SEFI-col] SEFI-col TOTAL  bytes=25264 (weights=25120 input=144 output=0)  bits~101442
  [transient-SEFI-col] SEFI-col 'weights'  col_off=4928  col_w=8  complete_rows=3140  partial=4096 B  bytes_hit=25120
  [transient-SEFI-col] SEFI-col 'input(cpu-buf)'  col_off=4928  col_w=8  bytes_hit=144
  [transient-SEFI-col] SEFI-col 'output'  col_off=4928  col_w=8  complete_rows=0  partial=1008 B  bytes_hit=0
  [transient-SEFI-col] SEFI-col TOTAL  bytes=25264 (weights=25120 input=144 output=0)  bits~101584
  [transient-SEFI-col] SEFI-col 'weights'  col_off=512  col_w=8  complete_rows=3140  partial=4096 B  bytes_hit=25128
  [transient-SEFI-col] SEFI-col 'input(cpu-buf)'  col_off=512  col_w=8  bytes_hit=152
  [transient-SEFI-col] SEFI-col 'output'  col_off=512  col_w=8  complete_rows=0  partial=1008 B  bytes_hit=8
  [transient-SEFI-col] SEFI-col TOTAL  bytes=25288 (weights=25128 input=152 output=8)  bits~101377
  [transient-SEFI-col] SEFI-col 'weights'  col_off=2730  col_w=8  complete_rows=3140  partial=4096 B  bytes_hit=25128
  [transient-SEFI-col] SEFI-col 'input(cpu-buf)'  col_off=2730  col_w=8  bytes_hit=152
  [transient-SEFI-col] SEFI-col 'output'  col_off=2730  col_w=8  complete_rows=0  partial=1008 B  bytes_hit=0
  [transient-SEFI-col] SEFI-col TOTAL  bytes=25280 (weights=25128 input=152 output=0)  bits~101530
  [transient-SEFI-col] SEFI-col 'weights'  col_off=4730  col_w=8  complete_rows=3140  partial=4096 B  bytes_hit=25120
  [transient-SEFI-col] SEFI-col 'input(cpu-buf)'  col_off=4730  col_w=8  bytes_hit=144
  [transient-SEFI-col] SEFI-col 'output'  col_off=4730  col_w=8  complete_rows=0  partial=1008 B  bytes_hit=0
  [transient-SEFI-col] SEFI-col TOTAL  bytes=25264 (weights=25120 input=144 output=0)  bits~101287
  [transient-SEFI-col] SEFI-col 'weights'  col_off=6667  col_w=8  complete_rows=3140  partial=4096 B  bytes_hit=25120
  [transient-SEFI-col] SEFI-col 'input(cpu-buf)'  col_off=6667  col_w=8  bytes_hit=144
  [transient-SEFI-col] SEFI-col 'output'  col_off=6667  col_w=8  complete_rows=0  partial=1008 B  bytes_hit=0
  [transient-SEFI-col] SEFI-col TOTAL  bytes=25264 (weights=25120 input=144 output=0)  bits~101422
  [transient-SEFI-col] SEFI-col 'weights'  col_off=7212  col_w=8  complete_rows=3140  partial=4096 B  bytes_hit=25120
  [transient-SEFI-col] SEFI-col 'input(cpu-buf)'  col_off=7212  col_w=8  bytes_hit=144
  [transient-SEFI-col] SEFI-col 'output'  col_off=7212  col_w=8  complete_rows=0  partial=1008 B  bytes_hit=0
  [transient-SEFI-col] SEFI-col TOTAL  bytes=25264 (weights=25120 input=144 output=0)  bits~101790
  [transient-SEFI-col] SEFI-col 'weights'  col_off=5675  col_w=8  complete_rows=3140  partial=4096 B  bytes_hit=25120
  [transient-SEFI-col] SEFI-col 'input(cpu-buf)'  col_off=5675  col_w=8  bytes_hit=144
  [transient-SEFI-col] SEFI-col 'output'  col_off=5675  col_w=8  complete_rows=0  partial=1008 B  bytes_hit=0
  [transient-SEFI-col] SEFI-col TOTAL  bytes=25264 (weights=25120 input=144 output=0)  bits~101298
  [transient-SEFI-col] SEFI-col 'weights'  col_off=5914  col_w=8  complete_rows=3140  partial=4096 B  bytes_hit=25120
  [transient-SEFI-col] SEFI-col 'input(cpu-buf)'  col_off=5914  col_w=8  bytes_hit=144
  [transient-SEFI-col] SEFI-col 'output'  col_off=5914  col_w=8  complete_rows=0  partial=1008 B  bytes_hit=0
  [transient-SEFI-col] SEFI-col TOTAL  bytes=25264 (weights=25120 input=144 output=0)  bits~101676
  [transient-SEFI-col] SEFI-col 'weights'  col_off=6065  col_w=8  complete_rows=3140  partial=4096 B  bytes_hit=25120
  [transient-SEFI-col] SEFI-col 'input(cpu-buf)'  col_off=6065  col_w=8  bytes_hit=144
  [transient-SEFI-col] SEFI-col 'output'  col_off=6065  col_w=8  complete_rows=0  partial=1008 B  bytes_hit=0
  [transient-SEFI-col] SEFI-col TOTAL  bytes=25264 (weights=25120 input=144 output=0)  bits~101425
  [transient-SEFI-col] SEFI-col 'weights'  col_off=5756  col_w=8  complete_rows=3140  partial=4096 B  bytes_hit=25120
  [transient-SEFI-col] SEFI-col 'input(cpu-buf)'  col_off=5756  col_w=8  bytes_hit=144
  [transient-SEFI-col] SEFI-col 'output'  col_off=5756  col_w=8  complete_rows=0  partial=1008 B  bytes_hit=0
  [transient-SEFI-col] SEFI-col TOTAL  bytes=25264 (weights=25120 input=144 output=0)  bits~101412
  [transient-SEFI-col] SEFI-col 'weights'  col_off=3095  col_w=8  complete_rows=3140  partial=4096 B  bytes_hit=25128
  [transient-SEFI-col] SEFI-col 'input(cpu-buf)'  col_off=3095  col_w=8  bytes_hit=144
  [transient-SEFI-col] SEFI-col 'output'  col_off=3095  col_w=8  complete_rows=0  partial=1008 B  bytes_hit=0
  [transient-SEFI-col] SEFI-col TOTAL  bytes=25272 (weights=25128 input=144 output=0)  bits~101571
  [transient-SEFI-col] SEFI-col 'weights'  col_off=3448  col_w=8  complete_rows=3140  partial=4096 B  bytes_hit=25128
  [transient-SEFI-col] SEFI-col 'input(cpu-buf)'  col_off=3448  col_w=8  bytes_hit=144
  [transient-SEFI-col] SEFI-col 'output'  col_off=3448  col_w=8  complete_rows=0  partial=1008 B  bytes_hit=0
  [transient-SEFI-col] SEFI-col TOTAL  bytes=25272 (weights=25128 input=144 output=0)  bits~101808
  [transient-SEFI-col] SEFI-col 'weights'  col_off=1244  col_w=8  complete_rows=3140  partial=4096 B  bytes_hit=25128
  [transient-SEFI-col] SEFI-col 'input(cpu-buf)'  col_off=1244  col_w=8  bytes_hit=152
  [transient-SEFI-col] SEFI-col 'output'  col_off=1244  col_w=8  complete_rows=0  partial=1008 B  bytes_hit=0
  [transient-SEFI-col] SEFI-col TOTAL  bytes=25280 (weights=25128 input=152 output=0)  bits~101778
  [transient-SEFI-col] SEFI-col 'weights'  col_off=6095  col_w=8  complete_rows=3140  partial=4096 B  bytes_hit=25120
  [transient-SEFI-col] SEFI-col 'input(cpu-buf)'  col_off=6095  col_w=8  bytes_hit=144
  [transient-SEFI-col] SEFI-col 'output'  col_off=6095  col_w=8  complete_rows=0  partial=1008 B  bytes_hit=0
  [transient-SEFI-col] SEFI-col TOTAL  bytes=25264 (weights=25120 input=144 output=0)  bits~101223
  [transient-SEFI-col] SEFI-col 'weights'  col_off=1557  col_w=8  complete_rows=3140  partial=4096 B  bytes_hit=25128
  [transient-SEFI-col] SEFI-col 'input(cpu-buf)'  col_off=1557  col_w=8  bytes_hit=152
  [transient-SEFI-col] SEFI-col 'output'  col_off=1557  col_w=8  complete_rows=0  partial=1008 B  bytes_hit=0
  [transient-SEFI-col] SEFI-col TOTAL  bytes=25280 (weights=25128 input=152 output=0)  bits~101598
  [transient-SEFI-col] SEFI-col 'weights'  col_off=1248  col_w=8  complete_rows=3140  partial=4096 B  bytes_hit=25128
  [transient-SEFI-col] SEFI-col 'input(cpu-buf)'  col_off=1248  col_w=8  bytes_hit=152
  [transient-SEFI-col] SEFI-col 'output'  col_off=1248  col_w=8  complete_rows=0  partial=1008 B  bytes_hit=0
  [transient-SEFI-col] SEFI-col TOTAL  bytes=25280 (weights=25128 input=152 output=0)  bits~101927
  [transient-SEFI-col] SEFI-col 'weights'  col_off=5401  col_w=8  complete_rows=3140  partial=4096 B  bytes_hit=25120
  [transient-SEFI-col] SEFI-col 'input(cpu-buf)'  col_off=5401  col_w=8  bytes_hit=144
  [transient-SEFI-col] SEFI-col 'output'  col_off=5401  col_w=8  complete_rows=0  partial=1008 B  bytes_hit=0
  [transient-SEFI-col] SEFI-col TOTAL  bytes=25264 (weights=25120 input=144 output=0)  bits~101211
  [transient-SEFI-col] SEFI-col 'weights'  col_off=6829  col_w=8  complete_rows=3140  partial=4096 B  bytes_hit=25120
  [transient-SEFI-col] SEFI-col 'input(cpu-buf)'  col_off=6829  col_w=8  bytes_hit=144
  [transient-SEFI-col] SEFI-col 'output'  col_off=6829  col_w=8  complete_rows=0  partial=1008 B  bytes_hit=0
  [transient-SEFI-col] SEFI-col TOTAL  bytes=25264 (weights=25120 input=144 output=0)  bits~101981
  [transient-SEFI-col] SEFI-col 'weights'  col_off=4483  col_w=8  complete_rows=3140  partial=4096 B  bytes_hit=25120
  [transient-SEFI-col] SEFI-col 'input(cpu-buf)'  col_off=4483  col_w=8  bytes_hit=144
  [transient-SEFI-col] SEFI-col 'output'  col_off=4483  col_w=8  complete_rows=0  partial=1008 B  bytes_hit=0
  [transient-SEFI-col] SEFI-col TOTAL  bytes=25264 (weights=25120 input=144 output=0)  bits~101368
  [transient-SEFI-col] SEFI-col 'weights'  col_off=6511  col_w=8  complete_rows=3140  partial=4096 B  bytes_hit=25120
  [transient-SEFI-col] SEFI-col 'input(cpu-buf)'  col_off=6511  col_w=8  bytes_hit=144
  [transient-SEFI-col] SEFI-col 'output'  col_off=6511  col_w=8  complete_rows=0  partial=1008 B  bytes_hit=0
  [transient-SEFI-col] SEFI-col TOTAL  bytes=25264 (weights=25120 input=144 output=0)  bits~101288
  [transient-SEFI-col] SEFI-col 'weights'  col_off=7789  col_w=8  complete_rows=3140  partial=4096 B  bytes_hit=25120
  [transient-SEFI-col] SEFI-col 'input(cpu-buf)'  col_off=7789  col_w=8  bytes_hit=144
  [transient-SEFI-col] SEFI-col 'output'  col_off=7789  col_w=8  complete_rows=0  partial=1008 B  bytes_hit=0
  [transient-SEFI-col] SEFI-col TOTAL  bytes=25264 (weights=25120 input=144 output=0)  bits~101593
  [transient-SEFI-col] SEFI-col 'weights'  col_off=6795  col_w=8  complete_rows=3140  partial=4096 B  bytes_hit=25120
  [transient-SEFI-col] SEFI-col 'input(cpu-buf)'  col_off=6795  col_w=8  bytes_hit=144
  [transient-SEFI-col] SEFI-col 'output'  col_off=6795  col_w=8  complete_rows=0  partial=1008 B  bytes_hit=0
  [transient-SEFI-col] SEFI-col TOTAL  bytes=25264 (weights=25120 input=144 output=0)  bits~101206
  [transient-SEFI-col] SEFI-col 'weights'  col_off=1474  col_w=8  complete_rows=3140  partial=4096 B  bytes_hit=25128
  [transient-SEFI-col] SEFI-col 'input(cpu-buf)'  col_off=1474  col_w=8  bytes_hit=152
  [transient-SEFI-col] SEFI-col 'output'  col_off=1474  col_w=8  complete_rows=0  partial=1008 B  bytes_hit=0
  [transient-SEFI-col] SEFI-col TOTAL  bytes=25280 (weights=25128 input=152 output=0)  bits~101817
  [transient-SEFI-col] SEFI-col 'weights'  col_off=761  col_w=8  complete_rows=3140  partial=4096 B  bytes_hit=25128
  [transient-SEFI-col] SEFI-col 'input(cpu-buf)'  col_off=761  col_w=8  bytes_hit=152
  [transient-SEFI-col] SEFI-col 'output'  col_off=761  col_w=8  complete_rows=0  partial=1008 B  bytes_hit=8
  [transient-SEFI-col] SEFI-col TOTAL  bytes=25288 (weights=25128 input=152 output=8)  bits~101229
  [transient-SEFI-col] SEFI-col 'weights'  col_off=6237  col_w=8  complete_rows=3140  partial=4096 B  bytes_hit=25120
  [transient-SEFI-col] SEFI-col 'input(cpu-buf)'  col_off=6237  col_w=8  bytes_hit=144
  [transient-SEFI-col] SEFI-col 'output'  col_off=6237  col_w=8  complete_rows=0  partial=1008 B  bytes_hit=0
  [transient-SEFI-col] SEFI-col TOTAL  bytes=25264 (weights=25120 input=144 output=0)  bits~101408
  [transient-SEFI-col] SEFI-col 'weights'  col_off=2378  col_w=8  complete_rows=3140  partial=4096 B  bytes_hit=25128
  [transient-SEFI-col] SEFI-col 'input(cpu-buf)'  col_off=2378  col_w=8  bytes_hit=152
  [transient-SEFI-col] SEFI-col 'output'  col_off=2378  col_w=8  complete_rows=0  partial=1008 B  bytes_hit=0
  [transient-SEFI-col] SEFI-col TOTAL  bytes=25280 (weights=25128 input=152 output=0)  bits~101606
  [transient-SEFI-col] SEFI-col 'weights'  col_off=1976  col_w=8  complete_rows=3140  partial=4096 B  bytes_hit=25128
  [transient-SEFI-col] SEFI-col 'input(cpu-buf)'  col_off=1976  col_w=8  bytes_hit=152
  [transient-SEFI-col] SEFI-col 'output'  col_off=1976  col_w=8  complete_rows=0  partial=1008 B  bytes_hit=0
  [transient-SEFI-col] SEFI-col TOTAL  bytes=25280 (weights=25128 input=152 output=0)  bits~101602
  [transient-SEFI-col] SEFI-col 'weights'  col_off=5770  col_w=8  complete_rows=3140  partial=4096 B  bytes_hit=25120
  [transient-SEFI-col] SEFI-col 'input(cpu-buf)'  col_off=5770  col_w=8  bytes_hit=144
  [transient-SEFI-col] SEFI-col 'output'  col_off=5770  col_w=8  complete_rows=0  partial=1008 B  bytes_hit=0
  [transient-SEFI-col] SEFI-col TOTAL  bytes=25264 (weights=25120 input=144 output=0)  bits~101335
  [transient-SEFI-col] SEFI-col 'weights'  col_off=7756  col_w=8  complete_rows=3140  partial=4096 B  bytes_hit=25120
  [transient-SEFI-col] SEFI-col 'input(cpu-buf)'  col_off=7756  col_w=8  bytes_hit=144
  [transient-SEFI-col] SEFI-col 'output'  col_off=7756  col_w=8  complete_rows=0  partial=1008 B  bytes_hit=0
  [transient-SEFI-col] SEFI-col TOTAL  bytes=25264 (weights=25120 input=144 output=0)  bits~101543
  [transient-SEFI-col] SEFI-col 'weights'  col_off=8063  col_w=8  complete_rows=3140  partial=4096 B  bytes_hit=25120
  [transient-SEFI-col] SEFI-col 'input(cpu-buf)'  col_off=8063  col_w=8  bytes_hit=144
  [transient-SEFI-col] SEFI-col 'output'  col_off=8063  col_w=8  complete_rows=0  partial=1008 B  bytes_hit=0
  [transient-SEFI-col] SEFI-col TOTAL  bytes=25264 (weights=25120 input=144 output=0)  bits~101953
  [transient-SEFI-col] SEFI-col 'weights'  col_off=4228  col_w=8  complete_rows=3140  partial=4096 B  bytes_hit=25120
  [transient-SEFI-col] SEFI-col 'input(cpu-buf)'  col_off=4228  col_w=8  bytes_hit=144
  [transient-SEFI-col] SEFI-col 'output'  col_off=4228  col_w=8  complete_rows=0  partial=1008 B  bytes_hit=0
  [transient-SEFI-col] SEFI-col TOTAL  bytes=25264 (weights=25120 input=144 output=0)  bits~101693
  [transient-SEFI-col] SEFI-col 'weights'  col_off=3550  col_w=8  complete_rows=3140  partial=4096 B  bytes_hit=25128
  [transient-SEFI-col] SEFI-col 'input(cpu-buf)'  col_off=3550  col_w=8  bytes_hit=144
  [transient-SEFI-col] SEFI-col 'output'  col_off=3550  col_w=8  complete_rows=0  partial=1008 B  bytes_hit=0
  [transient-SEFI-col] SEFI-col TOTAL  bytes=25272 (weights=25128 input=144 output=0)  bits~101209
  [transient-SEFI-col] SEFI-col 'weights'  col_off=1667  col_w=8  complete_rows=3140  partial=4096 B  bytes_hit=25128
  [transient-SEFI-col] SEFI-col 'input(cpu-buf)'  col_off=1667  col_w=8  bytes_hit=152
  [transient-SEFI-col] SEFI-col 'output'  col_off=1667  col_w=8  complete_rows=0  partial=1008 B  bytes_hit=0
  [transient-SEFI-col] SEFI-col TOTAL  bytes=25280 (weights=25128 input=152 output=0)  bits~101379
  [transient-SEFI-col] SEFI-col 'weights'  col_off=6635  col_w=8  complete_rows=3140  partial=4096 B  bytes_hit=25120
  [transient-SEFI-col] SEFI-col 'input(cpu-buf)'  col_off=6635  col_w=8  bytes_hit=144
  [transient-SEFI-col] SEFI-col 'output'  col_off=6635  col_w=8  complete_rows=0  partial=1008 B  bytes_hit=0
  [transient-SEFI-col] SEFI-col TOTAL  bytes=25264 (weights=25120 input=144 output=0)  bits~101557
  [transient-SEFI-col] SEFI-col 'weights'  col_off=7035  col_w=8  complete_rows=3140  partial=4096 B  bytes_hit=25120
  [transient-SEFI-col] SEFI-col 'input(cpu-buf)'  col_off=7035  col_w=8  bytes_hit=144
  [transient-SEFI-col] SEFI-col 'output'  col_off=7035  col_w=8  complete_rows=0  partial=1008 B  bytes_hit=0
  [transient-SEFI-col] SEFI-col TOTAL  bytes=25264 (weights=25120 input=144 output=0)  bits~101053
  [transient-SEFI-col] SEFI-col 'weights'  col_off=1653  col_w=8  complete_rows=3140  partial=4096 B  bytes_hit=25128
  [transient-SEFI-col] SEFI-col 'input(cpu-buf)'  col_off=1653  col_w=8  bytes_hit=152
  [transient-SEFI-col] SEFI-col 'output'  col_off=1653  col_w=8  complete_rows=0  partial=1008 B  bytes_hit=0
  [transient-SEFI-col] SEFI-col TOTAL  bytes=25280 (weights=25128 input=152 output=0)  bits~101413
  [transient-SEFI-col] SEFI-col 'weights'  col_off=7223  col_w=8  complete_rows=3140  partial=4096 B  bytes_hit=25120
  [transient-SEFI-col] SEFI-col 'input(cpu-buf)'  col_off=7223  col_w=8  bytes_hit=144
  [transient-SEFI-col] SEFI-col 'output'  col_off=7223  col_w=8  complete_rows=0  partial=1008 B  bytes_hit=0
  [transient-SEFI-col] SEFI-col TOTAL  bytes=25264 (weights=25120 input=144 output=0)  bits~101218
  [transient-SEFI-col] SEFI-col 'weights'  col_off=7318  col_w=8  complete_rows=3140  partial=4096 B  bytes_hit=25120
  [transient-SEFI-col] SEFI-col 'input(cpu-buf)'  col_off=7318  col_w=8  bytes_hit=144
  [transient-SEFI-col] SEFI-col 'output'  col_off=7318  col_w=8  complete_rows=0  partial=1008 B  bytes_hit=0
  [transient-SEFI-col] SEFI-col TOTAL  bytes=25264 (weights=25120 input=144 output=0)  bits~101617
  [transient-SEFI-col] SEFI-col 'weights'  col_off=4536  col_w=8  complete_rows=3140  partial=4096 B  bytes_hit=25120
  [transient-SEFI-col] SEFI-col 'input(cpu-buf)'  col_off=4536  col_w=8  bytes_hit=144
  [transient-SEFI-col] SEFI-col 'output'  col_off=4536  col_w=8  complete_rows=0  partial=1008 B  bytes_hit=0
  [transient-SEFI-col] SEFI-col TOTAL  bytes=25264 (weights=25120 input=144 output=0)  bits~101478
  [transient-SEFI-col] SEFI-col 'weights'  col_off=6536  col_w=8  complete_rows=3140  partial=4096 B  bytes_hit=25120
  [transient-SEFI-col] SEFI-col 'input(cpu-buf)'  col_off=6536  col_w=8  bytes_hit=144
  [transient-SEFI-col] SEFI-col 'output'  col_off=6536  col_w=8  complete_rows=0  partial=1008 B  bytes_hit=0
  [transient-SEFI-col] SEFI-col TOTAL  bytes=25264 (weights=25120 input=144 output=0)  bits~101381
  [transient-SEFI-col] SEFI-col 'weights'  col_off=4166  col_w=8  complete_rows=3140  partial=4096 B  bytes_hit=25120
  [transient-SEFI-col] SEFI-col 'input(cpu-buf)'  col_off=4166  col_w=8  bytes_hit=144
  [transient-SEFI-col] SEFI-col 'output'  col_off=4166  col_w=8  complete_rows=0  partial=1008 B  bytes_hit=0
  [transient-SEFI-col] SEFI-col TOTAL  bytes=25264 (weights=25120 input=144 output=0)  bits~101610
  [transient-SEFI-col] SEFI-col 'weights'  col_off=3254  col_w=8  complete_rows=3140  partial=4096 B  bytes_hit=25128
  [transient-SEFI-col] SEFI-col 'input(cpu-buf)'  col_off=3254  col_w=8  bytes_hit=144
  [transient-SEFI-col] SEFI-col 'output'  col_off=3254  col_w=8  complete_rows=0  partial=1008 B  bytes_hit=0
  [transient-SEFI-col] SEFI-col TOTAL  bytes=25272 (weights=25128 input=144 output=0)  bits~101375
  [transient-SEFI-col] SEFI-col 'weights'  col_off=234  col_w=8  complete_rows=3140  partial=4096 B  bytes_hit=25128
  [transient-SEFI-col] SEFI-col 'input(cpu-buf)'  col_off=234  col_w=8  bytes_hit=152
  [transient-SEFI-col] SEFI-col 'output'  col_off=234  col_w=8  complete_rows=0  partial=1008 B  bytes_hit=8
  [transient-SEFI-col] SEFI-col TOTAL  bytes=25288 (weights=25128 input=152 output=8)  bits~101546
  [transient-SEFI-col] SEFI-col 'weights'  col_off=6603  col_w=8  complete_rows=3140  partial=4096 B  bytes_hit=25120
  [transient-SEFI-col] SEFI-col 'input(cpu-buf)'  col_off=6603  col_w=8  bytes_hit=144
  [transient-SEFI-col] SEFI-col 'output'  col_off=6603  col_w=8  complete_rows=0  partial=1008 B  bytes_hit=0
  [transient-SEFI-col] SEFI-col TOTAL  bytes=25264 (weights=25120 input=144 output=0)  bits~101167
  [transient-SEFI-col] SEFI-col 'weights'  col_off=4635  col_w=8  complete_rows=3140  partial=4096 B  bytes_hit=25120
  [transient-SEFI-col] SEFI-col 'input(cpu-buf)'  col_off=4635  col_w=8  bytes_hit=144
  [transient-SEFI-col] SEFI-col 'output'  col_off=4635  col_w=8  complete_rows=0  partial=1008 B  bytes_hit=0
  [transient-SEFI-col] SEFI-col TOTAL  bytes=25264 (weights=25120 input=144 output=0)  bits~101358
  [transient-SEFI-col] SEFI-col 'weights'  col_off=2529  col_w=8  complete_rows=3140  partial=4096 B  bytes_hit=25128
  [transient-SEFI-col] SEFI-col 'input(cpu-buf)'  col_off=2529  col_w=8  bytes_hit=152
  [transient-SEFI-col] SEFI-col 'output'  col_off=2529  col_w=8  complete_rows=0  partial=1008 B  bytes_hit=0
  [transient-SEFI-col] SEFI-col TOTAL  bytes=25280 (weights=25128 input=152 output=0)  bits~101500
  [transient-SEFI-col] SEFI-col 'weights'  col_off=7940  col_w=8  complete_rows=3140  partial=4096 B  bytes_hit=25120
  [transient-SEFI-col] SEFI-col 'input(cpu-buf)'  col_off=7940  col_w=8  bytes_hit=144
  [transient-SEFI-col] SEFI-col 'output'  col_off=7940  col_w=8  complete_rows=0  partial=1008 B  bytes_hit=0
  [transient-SEFI-col] SEFI-col TOTAL  bytes=25264 (weights=25120 input=144 output=0)  bits~102090
  [transient-SEFI-col] SEFI-col 'weights'  col_off=4489  col_w=8  complete_rows=3140  partial=4096 B  bytes_hit=25120
  [transient-SEFI-col] SEFI-col 'input(cpu-buf)'  col_off=4489  col_w=8  bytes_hit=144
  [transient-SEFI-col] SEFI-col 'output'  col_off=4489  col_w=8  complete_rows=0  partial=1008 B  bytes_hit=0
  [transient-SEFI-col] SEFI-col TOTAL  bytes=25264 (weights=25120 input=144 output=0)  bits~101138
  [transient-SEFI-col] SEFI-col 'weights'  col_off=2482  col_w=8  complete_rows=3140  partial=4096 B  bytes_hit=25128
  [transient-SEFI-col] SEFI-col 'input(cpu-buf)'  col_off=2482  col_w=8  bytes_hit=152
  [transient-SEFI-col] SEFI-col 'output'  col_off=2482  col_w=8  complete_rows=0  partial=1008 B  bytes_hit=0
  [transient-SEFI-col] SEFI-col TOTAL  bytes=25280 (weights=25128 input=152 output=0)  bits~101682
  [transient-SEFI-col] SEFI-col 'weights'  col_off=1724  col_w=8  complete_rows=3140  partial=4096 B  bytes_hit=25128
  [transient-SEFI-col] SEFI-col 'input(cpu-buf)'  col_off=1724  col_w=8  bytes_hit=152
  [transient-SEFI-col] SEFI-col 'output'  col_off=1724  col_w=8  complete_rows=0  partial=1008 B  bytes_hit=0
  [transient-SEFI-col] SEFI-col TOTAL  bytes=25280 (weights=25128 input=152 output=0)  bits~101471
  [transient-SEFI-col] SEFI-col 'weights'  col_off=6369  col_w=8  complete_rows=3140  partial=4096 B  bytes_hit=25120
  [transient-SEFI-col] SEFI-col 'input(cpu-buf)'  col_off=6369  col_w=8  bytes_hit=144
  [transient-SEFI-col] SEFI-col 'output'  col_off=6369  col_w=8  complete_rows=0  partial=1008 B  bytes_hit=0
  [transient-SEFI-col] SEFI-col TOTAL  bytes=25264 (weights=25120 input=144 output=0)  bits~101349
[Summary] target=input_tensor  baseline=71.00%  faulty=44.00%

──── target=buffers ────
  [transient-SEFI-col] SEFI-col 'weights'  col_off=508  col_w=8  complete_rows=3140  partial=4096 B  bytes_hit=25128
  [transient-SEFI-col] SEFI-col 'input(cpu-buf)'  col_off=508  col_w=8  bytes_hit=152
  [transient-SEFI-col] SEFI-col 'output'  col_off=508  col_w=8  complete_rows=0  partial=1008 B  bytes_hit=8
  [transient-SEFI-col] SEFI-col TOTAL  bytes=25288 (weights=25128 input=152 output=8)  bits~101487
  [transient-SEFI-col] SEFI-col 'weights'  col_off=7534  col_w=8  complete_rows=3140  partial=4096 B  bytes_hit=25120
  [transient-SEFI-col] SEFI-col 'input(cpu-buf)'  col_off=7534  col_w=8  bytes_hit=144
  [transient-SEFI-col] SEFI-col 'output'  col_off=7534  col_w=8  complete_rows=0  partial=1008 B  bytes_hit=0
  [transient-SEFI-col] SEFI-col TOTAL  bytes=25264 (weights=25120 input=144 output=0)  bits~101400
  [transient-SEFI-col] SEFI-col 'weights'  col_off=246  col_w=8  complete_rows=3140  partial=4096 B  bytes_hit=25128
  [transient-SEFI-col] SEFI-col 'input(cpu-buf)'  col_off=246  col_w=8  bytes_hit=152
  [transient-SEFI-col] SEFI-col 'output'  col_off=246  col_w=8  complete_rows=0  partial=1008 B  bytes_hit=8
  [transient-SEFI-col] SEFI-col TOTAL  bytes=25288 (weights=25128 input=152 output=8)  bits~101664
  [transient-SEFI-col] SEFI-col 'weights'  col_off=5036  col_w=8  complete_rows=3140  partial=4096 B  bytes_hit=25120
  [transient-SEFI-col] SEFI-col 'input(cpu-buf)'  col_off=5036  col_w=8  bytes_hit=144
  [transient-SEFI-col] SEFI-col 'output'  col_off=5036  col_w=8  complete_rows=0  partial=1008 B  bytes_hit=0
  [transient-SEFI-col] SEFI-col TOTAL  bytes=25264 (weights=25120 input=144 output=0)  bits~101318
  [transient-SEFI-col] SEFI-col 'weights'  col_off=1632  col_w=8  complete_rows=3140  partial=4096 B  bytes_hit=25128
  [transient-SEFI-col] SEFI-col 'input(cpu-buf)'  col_off=1632  col_w=8  bytes_hit=152
  [transient-SEFI-col] SEFI-col 'output'  col_off=1632  col_w=8  complete_rows=0  partial=1008 B  bytes_hit=0
  [transient-SEFI-col] SEFI-col TOTAL  bytes=25280 (weights=25128 input=152 output=0)  bits~101416
  [transient-SEFI-col] SEFI-col 'weights'  col_off=3512  col_w=8  complete_rows=3140  partial=4096 B  bytes_hit=25128
  [transient-SEFI-col] SEFI-col 'input(cpu-buf)'  col_off=3512  col_w=8  bytes_hit=144
  [transient-SEFI-col] SEFI-col 'output'  col_off=3512  col_w=8  complete_rows=0  partial=1008 B  bytes_hit=0
  [transient-SEFI-col] SEFI-col TOTAL  bytes=25272 (weights=25128 input=144 output=0)  bits~101271
  [transient-SEFI-col] SEFI-col 'weights'  col_off=408  col_w=8  complete_rows=3140  partial=4096 B  bytes_hit=25128
  [transient-SEFI-col] SEFI-col 'input(cpu-buf)'  col_off=408  col_w=8  bytes_hit=152
  [transient-SEFI-col] SEFI-col 'output'  col_off=408  col_w=8  complete_rows=0  partial=1008 B  bytes_hit=8
  [transient-SEFI-col] SEFI-col TOTAL  bytes=25288 (weights=25128 input=152 output=8)  bits~101366
  [transient-SEFI-col] SEFI-col 'weights'  col_off=5738  col_w=8  complete_rows=3140  partial=4096 B  bytes_hit=25120
  [transient-SEFI-col] SEFI-col 'input(cpu-buf)'  col_off=5738  col_w=8  bytes_hit=144
  [transient-SEFI-col] SEFI-col 'output'  col_off=5738  col_w=8  complete_rows=0  partial=1008 B  bytes_hit=0
  [transient-SEFI-col] SEFI-col TOTAL  bytes=25264 (weights=25120 input=144 output=0)  bits~101636
  [transient-SEFI-col] SEFI-col 'weights'  col_off=6044  col_w=8  complete_rows=3140  partial=4096 B  bytes_hit=25120
  [transient-SEFI-col] SEFI-col 'input(cpu-buf)'  col_off=6044  col_w=8  bytes_hit=144
  [transient-SEFI-col] SEFI-col 'output'  col_off=6044  col_w=8  complete_rows=0  partial=1008 B  bytes_hit=0
  [transient-SEFI-col] SEFI-col TOTAL  bytes=25264 (weights=25120 input=144 output=0)  bits~101411
  [transient-SEFI-col] SEFI-col 'weights'  col_off=5703  col_w=8  complete_rows=3140  partial=4096 B  bytes_hit=25120
  [transient-SEFI-col] SEFI-col 'input(cpu-buf)'  col_off=5703  col_w=8  bytes_hit=144
  [transient-SEFI-col] SEFI-col 'output'  col_off=5703  col_w=8  complete_rows=0  partial=1008 B  bytes_hit=0
  [transient-SEFI-col] SEFI-col TOTAL  bytes=25264 (weights=25120 input=144 output=0)  bits~101445
  [transient-SEFI-col] SEFI-col 'weights'  col_off=869  col_w=8  complete_rows=3140  partial=4096 B  bytes_hit=25128
  [transient-SEFI-col] SEFI-col 'input(cpu-buf)'  col_off=869  col_w=8  bytes_hit=152
  [transient-SEFI-col] SEFI-col 'output'  col_off=869  col_w=8  complete_rows=0  partial=1008 B  bytes_hit=8
  [transient-SEFI-col] SEFI-col TOTAL  bytes=25288 (weights=25128 input=152 output=8)  bits~101351
  [transient-SEFI-col] SEFI-col 'weights'  col_off=5209  col_w=8  complete_rows=3140  partial=4096 B  bytes_hit=25120
  [transient-SEFI-col] SEFI-col 'input(cpu-buf)'  col_off=5209  col_w=8  bytes_hit=144
  [transient-SEFI-col] SEFI-col 'output'  col_off=5209  col_w=8  complete_rows=0  partial=1008 B  bytes_hit=0
  [transient-SEFI-col] SEFI-col TOTAL  bytes=25264 (weights=25120 input=144 output=0)  bits~101645
  [transient-SEFI-col] SEFI-col 'weights'  col_off=7170  col_w=8  complete_rows=3140  partial=4096 B  bytes_hit=25120
  [transient-SEFI-col] SEFI-col 'input(cpu-buf)'  col_off=7170  col_w=8  bytes_hit=144
  [transient-SEFI-col] SEFI-col 'output'  col_off=7170  col_w=8  complete_rows=0  partial=1008 B  bytes_hit=0
  [transient-SEFI-col] SEFI-col TOTAL  bytes=25264 (weights=25120 input=144 output=0)  bits~101357
  [transient-SEFI-col] SEFI-col 'weights'  col_off=6990  col_w=8  complete_rows=3140  partial=4096 B  bytes_hit=25120
  [transient-SEFI-col] SEFI-col 'input(cpu-buf)'  col_off=6990  col_w=8  bytes_hit=144
  [transient-SEFI-col] SEFI-col 'output'  col_off=6990  col_w=8  complete_rows=0  partial=1008 B  bytes_hit=0
  [transient-SEFI-col] SEFI-col TOTAL  bytes=25264 (weights=25120 input=144 output=0)  bits~101638
  [transient-SEFI-col] SEFI-col 'weights'  col_off=369  col_w=8  complete_rows=3140  partial=4096 B  bytes_hit=25128
  [transient-SEFI-col] SEFI-col 'input(cpu-buf)'  col_off=369  col_w=8  bytes_hit=152
  [transient-SEFI-col] SEFI-col 'output'  col_off=369  col_w=8  complete_rows=0  partial=1008 B  bytes_hit=8
  [transient-SEFI-col] SEFI-col TOTAL  bytes=25288 (weights=25128 input=152 output=8)  bits~101809
  [transient-SEFI-col] SEFI-col 'weights'  col_off=244  col_w=8  complete_rows=3140  partial=4096 B  bytes_hit=25128
  [transient-SEFI-col] SEFI-col 'input(cpu-buf)'  col_off=244  col_w=8  bytes_hit=152
  [transient-SEFI-col] SEFI-col 'output'  col_off=244  col_w=8  complete_rows=0  partial=1008 B  bytes_hit=8
  [transient-SEFI-col] SEFI-col TOTAL  bytes=25288 (weights=25128 input=152 output=8)  bits~101426
  [transient-SEFI-col] SEFI-col 'weights'  col_off=6524  col_w=8  complete_rows=3140  partial=4096 B  bytes_hit=25120
  [transient-SEFI-col] SEFI-col 'input(cpu-buf)'  col_off=6524  col_w=8  bytes_hit=144
  [transient-SEFI-col] SEFI-col 'output'  col_off=6524  col_w=8  complete_rows=0  partial=1008 B  bytes_hit=0
  [transient-SEFI-col] SEFI-col TOTAL  bytes=25264 (weights=25120 input=144 output=0)  bits~101393
  [transient-SEFI-col] SEFI-col 'weights'  col_off=4069  col_w=8  complete_rows=3140  partial=4096 B  bytes_hit=25128
  [transient-SEFI-col] SEFI-col 'input(cpu-buf)'  col_off=4069  col_w=8  bytes_hit=144
  [transient-SEFI-col] SEFI-col 'output'  col_off=4069  col_w=8  complete_rows=0  partial=1008 B  bytes_hit=0
  [transient-SEFI-col] SEFI-col TOTAL  bytes=25272 (weights=25128 input=144 output=0)  bits~101455
  [transient-SEFI-col] SEFI-col 'weights'  col_off=3883  col_w=8  complete_rows=3140  partial=4096 B  bytes_hit=25128
  [transient-SEFI-col] SEFI-col 'input(cpu-buf)'  col_off=3883  col_w=8  bytes_hit=144
  [transient-SEFI-col] SEFI-col 'output'  col_off=3883  col_w=8  complete_rows=0  partial=1008 B  bytes_hit=0
  [transient-SEFI-col] SEFI-col TOTAL  bytes=25272 (weights=25128 input=144 output=0)  bits~101443
  [transient-SEFI-col] SEFI-col 'weights'  col_off=3690  col_w=8  complete_rows=3140  partial=4096 B  bytes_hit=25128
  [transient-SEFI-col] SEFI-col 'input(cpu-buf)'  col_off=3690  col_w=8  bytes_hit=144
  [transient-SEFI-col] SEFI-col 'output'  col_off=3690  col_w=8  complete_rows=0  partial=1008 B  bytes_hit=0
  [transient-SEFI-col] SEFI-col TOTAL  bytes=25272 (weights=25128 input=144 output=0)  bits~101254
  [transient-SEFI-col] SEFI-col 'weights'  col_off=430  col_w=8  complete_rows=3140  partial=4096 B  bytes_hit=25128
  [transient-SEFI-col] SEFI-col 'input(cpu-buf)'  col_off=430  col_w=8  bytes_hit=152
  [transient-SEFI-col] SEFI-col 'output'  col_off=430  col_w=8  complete_rows=0  partial=1008 B  bytes_hit=8
  [transient-SEFI-col] SEFI-col TOTAL  bytes=25288 (weights=25128 input=152 output=8)  bits~101084
  [transient-SEFI-col] SEFI-col 'weights'  col_off=5493  col_w=8  complete_rows=3140  partial=4096 B  bytes_hit=25120
  [transient-SEFI-col] SEFI-col 'input(cpu-buf)'  col_off=5493  col_w=8  bytes_hit=144
  [transient-SEFI-col] SEFI-col 'output'  col_off=5493  col_w=8  complete_rows=0  partial=1008 B  bytes_hit=0
  [transient-SEFI-col] SEFI-col TOTAL  bytes=25264 (weights=25120 input=144 output=0)  bits~101336
  [transient-SEFI-col] SEFI-col 'weights'  col_off=1505  col_w=8  complete_rows=3140  partial=4096 B  bytes_hit=25128
  [transient-SEFI-col] SEFI-col 'input(cpu-buf)'  col_off=1505  col_w=8  bytes_hit=152
  [transient-SEFI-col] SEFI-col 'output'  col_off=1505  col_w=8  complete_rows=0  partial=1008 B  bytes_hit=0
  [transient-SEFI-col] SEFI-col TOTAL  bytes=25280 (weights=25128 input=152 output=0)  bits~101361
  [transient-SEFI-col] SEFI-col 'weights'  col_off=2833  col_w=8  complete_rows=3140  partial=4096 B  bytes_hit=25128
  [transient-SEFI-col] SEFI-col 'input(cpu-buf)'  col_off=2833  col_w=8  bytes_hit=152
  [transient-SEFI-col] SEFI-col 'output'  col_off=2833  col_w=8  complete_rows=0  partial=1008 B  bytes_hit=0
  [transient-SEFI-col] SEFI-col TOTAL  bytes=25280 (weights=25128 input=152 output=0)  bits~101427
  [transient-SEFI-col] SEFI-col 'weights'  col_off=3383  col_w=8  complete_rows=3140  partial=4096 B  bytes_hit=25128
  [transient-SEFI-col] SEFI-col 'input(cpu-buf)'  col_off=3383  col_w=8  bytes_hit=144
  [transient-SEFI-col] SEFI-col 'output'  col_off=3383  col_w=8  complete_rows=0  partial=1008 B  bytes_hit=0
  [transient-SEFI-col] SEFI-col TOTAL  bytes=25272 (weights=25128 input=144 output=0)  bits~101513
  [transient-SEFI-col] SEFI-col 'weights'  col_off=6575  col_w=8  complete_rows=3140  partial=4096 B  bytes_hit=25120
  [transient-SEFI-col] SEFI-col 'input(cpu-buf)'  col_off=6575  col_w=8  bytes_hit=144
  [transient-SEFI-col] SEFI-col 'output'  col_off=6575  col_w=8  complete_rows=0  partial=1008 B  bytes_hit=0
  [transient-SEFI-col] SEFI-col TOTAL  bytes=25264 (weights=25120 input=144 output=0)  bits~101345
  [transient-SEFI-col] SEFI-col 'weights'  col_off=3381  col_w=8  complete_rows=3140  partial=4096 B  bytes_hit=25128
  [transient-SEFI-col] SEFI-col 'input(cpu-buf)'  col_off=3381  col_w=8  bytes_hit=144
  [transient-SEFI-col] SEFI-col 'output'  col_off=3381  col_w=8  complete_rows=0  partial=1008 B  bytes_hit=0
  [transient-SEFI-col] SEFI-col TOTAL  bytes=25272 (weights=25128 input=144 output=0)  bits~101534
  [transient-SEFI-col] SEFI-col 'weights'  col_off=1696  col_w=8  complete_rows=3140  partial=4096 B  bytes_hit=25128
  [transient-SEFI-col] SEFI-col 'input(cpu-buf)'  col_off=1696  col_w=8  bytes_hit=152
  [transient-SEFI-col] SEFI-col 'output'  col_off=1696  col_w=8  complete_rows=0  partial=1008 B  bytes_hit=0
  [transient-SEFI-col] SEFI-col TOTAL  bytes=25280 (weights=25128 input=152 output=0)  bits~101509
  [transient-SEFI-col] SEFI-col 'weights'  col_off=2872  col_w=8  complete_rows=3140  partial=4096 B  bytes_hit=25128
  [transient-SEFI-col] SEFI-col 'input(cpu-buf)'  col_off=2872  col_w=8  bytes_hit=152
  [transient-SEFI-col] SEFI-col 'output'  col_off=2872  col_w=8  complete_rows=0  partial=1008 B  bytes_hit=0
  [transient-SEFI-col] SEFI-col TOTAL  bytes=25280 (weights=25128 input=152 output=0)  bits~101527
  [transient-SEFI-col] SEFI-col 'weights'  col_off=1307  col_w=8  complete_rows=3140  partial=4096 B  bytes_hit=25128
  [transient-SEFI-col] SEFI-col 'input(cpu-buf)'  col_off=1307  col_w=8  bytes_hit=152
  [transient-SEFI-col] SEFI-col 'output'  col_off=1307  col_w=8  complete_rows=0  partial=1008 B  bytes_hit=0
  [transient-SEFI-col] SEFI-col TOTAL  bytes=25280 (weights=25128 input=152 output=0)  bits~101402
  [transient-SEFI-col] SEFI-col 'weights'  col_off=3891  col_w=8  complete_rows=3140  partial=4096 B  bytes_hit=25128
  [transient-SEFI-col] SEFI-col 'input(cpu-buf)'  col_off=3891  col_w=8  bytes_hit=144
  [transient-SEFI-col] SEFI-col 'output'  col_off=3891  col_w=8  complete_rows=0  partial=1008 B  bytes_hit=0
  [transient-SEFI-col] SEFI-col TOTAL  bytes=25272 (weights=25128 input=144 output=0)  bits~101246
  [transient-SEFI-col] SEFI-col 'weights'  col_off=3041  col_w=8  complete_rows=3140  partial=4096 B  bytes_hit=25128
  [transient-SEFI-col] SEFI-col 'input(cpu-buf)'  col_off=3041  col_w=8  bytes_hit=152
  [transient-SEFI-col] SEFI-col 'output'  col_off=3041  col_w=8  complete_rows=0  partial=1008 B  bytes_hit=0
  [transient-SEFI-col] SEFI-col TOTAL  bytes=25280 (weights=25128 input=152 output=0)  bits~101754
  [transient-SEFI-col] SEFI-col 'weights'  col_off=2406  col_w=8  complete_rows=3140  partial=4096 B  bytes_hit=25128
  [transient-SEFI-col] SEFI-col 'input(cpu-buf)'  col_off=2406  col_w=8  bytes_hit=152
  [transient-SEFI-col] SEFI-col 'output'  col_off=2406  col_w=8  complete_rows=0  partial=1008 B  bytes_hit=0
  [transient-SEFI-col] SEFI-col TOTAL  bytes=25280 (weights=25128 input=152 output=0)  bits~101435
  [transient-SEFI-col] SEFI-col 'weights'  col_off=971  col_w=8  complete_rows=3140  partial=4096 B  bytes_hit=25128
  [transient-SEFI-col] SEFI-col 'input(cpu-buf)'  col_off=971  col_w=8  bytes_hit=152
  [transient-SEFI-col] SEFI-col 'output'  col_off=971  col_w=8  complete_rows=0  partial=1008 B  bytes_hit=8
  [transient-SEFI-col] SEFI-col TOTAL  bytes=25288 (weights=25128 input=152 output=8)  bits~101850
  [transient-SEFI-col] SEFI-col 'weights'  col_off=307  col_w=8  complete_rows=3140  partial=4096 B  bytes_hit=25128
  [transient-SEFI-col] SEFI-col 'input(cpu-buf)'  col_off=307  col_w=8  bytes_hit=152
  [transient-SEFI-col] SEFI-col 'output'  col_off=307  col_w=8  complete_rows=0  partial=1008 B  bytes_hit=8
  [transient-SEFI-col] SEFI-col TOTAL  bytes=25288 (weights=25128 input=152 output=8)  bits~101483
  [transient-SEFI-col] SEFI-col 'weights'  col_off=3987  col_w=8  complete_rows=3140  partial=4096 B  bytes_hit=25128
  [transient-SEFI-col] SEFI-col 'input(cpu-buf)'  col_off=3987  col_w=8  bytes_hit=144
  [transient-SEFI-col] SEFI-col 'output'  col_off=3987  col_w=8  complete_rows=0  partial=1008 B  bytes_hit=0
  [transient-SEFI-col] SEFI-col TOTAL  bytes=25272 (weights=25128 input=144 output=0)  bits~101318
  [transient-SEFI-col] SEFI-col 'weights'  col_off=6638  col_w=8  complete_rows=3140  partial=4096 B  bytes_hit=25120
  [transient-SEFI-col] SEFI-col 'input(cpu-buf)'  col_off=6638  col_w=8  bytes_hit=144
  [transient-SEFI-col] SEFI-col 'output'  col_off=6638  col_w=8  complete_rows=0  partial=1008 B  bytes_hit=0
  [transient-SEFI-col] SEFI-col TOTAL  bytes=25264 (weights=25120 input=144 output=0)  bits~101167
  [transient-SEFI-col] SEFI-col 'weights'  col_off=7139  col_w=8  complete_rows=3140  partial=4096 B  bytes_hit=25120
  [transient-SEFI-col] SEFI-col 'input(cpu-buf)'  col_off=7139  col_w=8  bytes_hit=144
  [transient-SEFI-col] SEFI-col 'output'  col_off=7139  col_w=8  complete_rows=0  partial=1008 B  bytes_hit=0
  [transient-SEFI-col] SEFI-col TOTAL  bytes=25264 (weights=25120 input=144 output=0)  bits~101535
  [transient-SEFI-col] SEFI-col 'weights'  col_off=3872  col_w=8  complete_rows=3140  partial=4096 B  bytes_hit=25128
  [transient-SEFI-col] SEFI-col 'input(cpu-buf)'  col_off=3872  col_w=8  bytes_hit=144
  [transient-SEFI-col] SEFI-col 'output'  col_off=3872  col_w=8  complete_rows=0  partial=1008 B  bytes_hit=0
  [transient-SEFI-col] SEFI-col TOTAL  bytes=25272 (weights=25128 input=144 output=0)  bits~101265
  [transient-SEFI-col] SEFI-col 'weights'  col_off=6777  col_w=8  complete_rows=3140  partial=4096 B  bytes_hit=25120
  [transient-SEFI-col] SEFI-col 'input(cpu-buf)'  col_off=6777  col_w=8  bytes_hit=144
  [transient-SEFI-col] SEFI-col 'output'  col_off=6777  col_w=8  complete_rows=0  partial=1008 B  bytes_hit=0
  [transient-SEFI-col] SEFI-col TOTAL  bytes=25264 (weights=25120 input=144 output=0)  bits~101323
  [transient-SEFI-col] SEFI-col 'weights'  col_off=363  col_w=8  complete_rows=3140  partial=4096 B  bytes_hit=25128
  [transient-SEFI-col] SEFI-col 'input(cpu-buf)'  col_off=363  col_w=8  bytes_hit=152
  [transient-SEFI-col] SEFI-col 'output'  col_off=363  col_w=8  complete_rows=0  partial=1008 B  bytes_hit=8
  [transient-SEFI-col] SEFI-col TOTAL  bytes=25288 (weights=25128 input=152 output=8)  bits~101450
  [transient-SEFI-col] SEFI-col 'weights'  col_off=2141  col_w=8  complete_rows=3140  partial=4096 B  bytes_hit=25128
  [transient-SEFI-col] SEFI-col 'input(cpu-buf)'  col_off=2141  col_w=8  bytes_hit=152
  [transient-SEFI-col] SEFI-col 'output'  col_off=2141  col_w=8  complete_rows=0  partial=1008 B  bytes_hit=0
  [transient-SEFI-col] SEFI-col TOTAL  bytes=25280 (weights=25128 input=152 output=0)  bits~101089
  [transient-SEFI-col] SEFI-col 'weights'  col_off=2945  col_w=8  complete_rows=3140  partial=4096 B  bytes_hit=25128
  [transient-SEFI-col] SEFI-col 'input(cpu-buf)'  col_off=2945  col_w=8  bytes_hit=152
  [transient-SEFI-col] SEFI-col 'output'  col_off=2945  col_w=8  complete_rows=0  partial=1008 B  bytes_hit=0
  [transient-SEFI-col] SEFI-col TOTAL  bytes=25280 (weights=25128 input=152 output=0)  bits~101460
  [transient-SEFI-col] SEFI-col 'weights'  col_off=2162  col_w=8  complete_rows=3140  partial=4096 B  bytes_hit=25128
  [transient-SEFI-col] SEFI-col 'input(cpu-buf)'  col_off=2162  col_w=8  bytes_hit=152
  [transient-SEFI-col] SEFI-col 'output'  col_off=2162  col_w=8  complete_rows=0  partial=1008 B  bytes_hit=0
  [transient-SEFI-col] SEFI-col TOTAL  bytes=25280 (weights=25128 input=152 output=0)  bits~101702
  [transient-SEFI-col] SEFI-col 'weights'  col_off=829  col_w=8  complete_rows=3140  partial=4096 B  bytes_hit=25128
  [transient-SEFI-col] SEFI-col 'input(cpu-buf)'  col_off=829  col_w=8  bytes_hit=152
  [transient-SEFI-col] SEFI-col 'output'  col_off=829  col_w=8  complete_rows=0  partial=1008 B  bytes_hit=8
  [transient-SEFI-col] SEFI-col TOTAL  bytes=25288 (weights=25128 input=152 output=8)  bits~101615
  [transient-SEFI-col] SEFI-col 'weights'  col_off=6702  col_w=8  complete_rows=3140  partial=4096 B  bytes_hit=25120
  [transient-SEFI-col] SEFI-col 'input(cpu-buf)'  col_off=6702  col_w=8  bytes_hit=144
  [transient-SEFI-col] SEFI-col 'output'  col_off=6702  col_w=8  complete_rows=0  partial=1008 B  bytes_hit=0
  [transient-SEFI-col] SEFI-col TOTAL  bytes=25264 (weights=25120 input=144 output=0)  bits~101279
  [transient-SEFI-col] SEFI-col 'weights'  col_off=2363  col_w=8  complete_rows=3140  partial=4096 B  bytes_hit=25128
  [transient-SEFI-col] SEFI-col 'input(cpu-buf)'  col_off=2363  col_w=8  bytes_hit=152
  [transient-SEFI-col] SEFI-col 'output'  col_off=2363  col_w=8  complete_rows=0  partial=1008 B  bytes_hit=0
  [transient-SEFI-col] SEFI-col TOTAL  bytes=25280 (weights=25128 input=152 output=0)  bits~101522
  [transient-SEFI-col] SEFI-col 'weights'  col_off=2435  col_w=8  complete_rows=3140  partial=4096 B  bytes_hit=25128
  [transient-SEFI-col] SEFI-col 'input(cpu-buf)'  col_off=2435  col_w=8  bytes_hit=152
  [transient-SEFI-col] SEFI-col 'output'  col_off=2435  col_w=8  complete_rows=0  partial=1008 B  bytes_hit=0
  [transient-SEFI-col] SEFI-col TOTAL  bytes=25280 (weights=25128 input=152 output=0)  bits~101364
  [transient-SEFI-col] SEFI-col 'weights'  col_off=2386  col_w=8  complete_rows=3140  partial=4096 B  bytes_hit=25128
  [transient-SEFI-col] SEFI-col 'input(cpu-buf)'  col_off=2386  col_w=8  bytes_hit=152
  [transient-SEFI-col] SEFI-col 'output'  col_off=2386  col_w=8  complete_rows=0  partial=1008 B  bytes_hit=0
  [transient-SEFI-col] SEFI-col TOTAL  bytes=25280 (weights=25128 input=152 output=0)  bits~101223
  [transient-SEFI-col] SEFI-col 'weights'  col_off=5124  col_w=8  complete_rows=3140  partial=4096 B  bytes_hit=25120
  [transient-SEFI-col] SEFI-col 'input(cpu-buf)'  col_off=5124  col_w=8  bytes_hit=144
  [transient-SEFI-col] SEFI-col 'output'  col_off=5124  col_w=8  complete_rows=0  partial=1008 B  bytes_hit=0
  [transient-SEFI-col] SEFI-col TOTAL  bytes=25264 (weights=25120 input=144 output=0)  bits~101305
  [transient-SEFI-col] SEFI-col 'weights'  col_off=7364  col_w=8  complete_rows=3140  partial=4096 B  bytes_hit=25120
  [transient-SEFI-col] SEFI-col 'input(cpu-buf)'  col_off=7364  col_w=8  bytes_hit=144
  [transient-SEFI-col] SEFI-col 'output'  col_off=7364  col_w=8  complete_rows=0  partial=1008 B  bytes_hit=0
  [transient-SEFI-col] SEFI-col TOTAL  bytes=25264 (weights=25120 input=144 output=0)  bits~101646
  [transient-SEFI-col] SEFI-col 'weights'  col_off=1256  col_w=8  complete_rows=3140  partial=4096 B  bytes_hit=25128
  [transient-SEFI-col] SEFI-col 'input(cpu-buf)'  col_off=1256  col_w=8  bytes_hit=152
  [transient-SEFI-col] SEFI-col 'output'  col_off=1256  col_w=8  complete_rows=0  partial=1008 B  bytes_hit=0
  [transient-SEFI-col] SEFI-col TOTAL  bytes=25280 (weights=25128 input=152 output=0)  bits~101763
  [transient-SEFI-col] SEFI-col 'weights'  col_off=523  col_w=8  complete_rows=3140  partial=4096 B  bytes_hit=25128
  [transient-SEFI-col] SEFI-col 'input(cpu-buf)'  col_off=523  col_w=8  bytes_hit=152
  [transient-SEFI-col] SEFI-col 'output'  col_off=523  col_w=8  complete_rows=0  partial=1008 B  bytes_hit=8
  [transient-SEFI-col] SEFI-col TOTAL  bytes=25288 (weights=25128 input=152 output=8)  bits~101272
  [transient-SEFI-col] SEFI-col 'weights'  col_off=7026  col_w=8  complete_rows=3140  partial=4096 B  bytes_hit=25120
  [transient-SEFI-col] SEFI-col 'input(cpu-buf)'  col_off=7026  col_w=8  bytes_hit=144
  [transient-SEFI-col] SEFI-col 'output'  col_off=7026  col_w=8  complete_rows=0  partial=1008 B  bytes_hit=0
  [transient-SEFI-col] SEFI-col TOTAL  bytes=25264 (weights=25120 input=144 output=0)  bits~101048
  [transient-SEFI-col] SEFI-col 'weights'  col_off=1424  col_w=8  complete_rows=3140  partial=4096 B  bytes_hit=25128
  [transient-SEFI-col] SEFI-col 'input(cpu-buf)'  col_off=1424  col_w=8  bytes_hit=152
  [transient-SEFI-col] SEFI-col 'output'  col_off=1424  col_w=8  complete_rows=0  partial=1008 B  bytes_hit=0
  [transient-SEFI-col] SEFI-col TOTAL  bytes=25280 (weights=25128 input=152 output=0)  bits~101662
  [transient-SEFI-col] SEFI-col 'weights'  col_off=6361  col_w=8  complete_rows=3140  partial=4096 B  bytes_hit=25120
  [transient-SEFI-col] SEFI-col 'input(cpu-buf)'  col_off=6361  col_w=8  bytes_hit=144
  [transient-SEFI-col] SEFI-col 'output'  col_off=6361  col_w=8  complete_rows=0  partial=1008 B  bytes_hit=0
  [transient-SEFI-col] SEFI-col TOTAL  bytes=25264 (weights=25120 input=144 output=0)  bits~101651
  [transient-SEFI-col] SEFI-col 'weights'  col_off=7182  col_w=8  complete_rows=3140  partial=4096 B  bytes_hit=25120
  [transient-SEFI-col] SEFI-col 'input(cpu-buf)'  col_off=7182  col_w=8  bytes_hit=144
  [transient-SEFI-col] SEFI-col 'output'  col_off=7182  col_w=8  complete_rows=0  partial=1008 B  bytes_hit=0
  [transient-SEFI-col] SEFI-col TOTAL  bytes=25264 (weights=25120 input=144 output=0)  bits~101670
  [transient-SEFI-col] SEFI-col 'weights'  col_off=6061  col_w=8  complete_rows=3140  partial=4096 B  bytes_hit=25120
  [transient-SEFI-col] SEFI-col 'input(cpu-buf)'  col_off=6061  col_w=8  bytes_hit=144
  [transient-SEFI-col] SEFI-col 'output'  col_off=6061  col_w=8  complete_rows=0  partial=1008 B  bytes_hit=0
  [transient-SEFI-col] SEFI-col TOTAL  bytes=25264 (weights=25120 input=144 output=0)  bits~101631
  [transient-SEFI-col] SEFI-col 'weights'  col_off=6609  col_w=8  complete_rows=3140  partial=4096 B  bytes_hit=25120
  [transient-SEFI-col] SEFI-col 'input(cpu-buf)'  col_off=6609  col_w=8  bytes_hit=144
  [transient-SEFI-col] SEFI-col 'output'  col_off=6609  col_w=8  complete_rows=0  partial=1008 B  bytes_hit=0
  [transient-SEFI-col] SEFI-col TOTAL  bytes=25264 (weights=25120 input=144 output=0)  bits~101225
  [transient-SEFI-col] SEFI-col 'weights'  col_off=2023  col_w=8  complete_rows=3140  partial=4096 B  bytes_hit=25128
  [transient-SEFI-col] SEFI-col 'input(cpu-buf)'  col_off=2023  col_w=8  bytes_hit=152
  [transient-SEFI-col] SEFI-col 'output'  col_off=2023  col_w=8  complete_rows=0  partial=1008 B  bytes_hit=0
  [transient-SEFI-col] SEFI-col TOTAL  bytes=25280 (weights=25128 input=152 output=0)  bits~101818
  [transient-SEFI-col] SEFI-col 'weights'  col_off=7030  col_w=8  complete_rows=3140  partial=4096 B  bytes_hit=25120
  [transient-SEFI-col] SEFI-col 'input(cpu-buf)'  col_off=7030  col_w=8  bytes_hit=144
  [transient-SEFI-col] SEFI-col 'output'  col_off=7030  col_w=8  complete_rows=0  partial=1008 B  bytes_hit=0
  [transient-SEFI-col] SEFI-col TOTAL  bytes=25264 (weights=25120 input=144 output=0)  bits~101612
  [transient-SEFI-col] SEFI-col 'weights'  col_off=3028  col_w=8  complete_rows=3140  partial=4096 B  bytes_hit=25128
  [transient-SEFI-col] SEFI-col 'input(cpu-buf)'  col_off=3028  col_w=8  bytes_hit=152
  [transient-SEFI-col] SEFI-col 'output'  col_off=3028  col_w=8  complete_rows=0  partial=1008 B  bytes_hit=0
  [transient-SEFI-col] SEFI-col TOTAL  bytes=25280 (weights=25128 input=152 output=0)  bits~101807
  [transient-SEFI-col] SEFI-col 'weights'  col_off=6637  col_w=8  complete_rows=3140  partial=4096 B  bytes_hit=25120
  [transient-SEFI-col] SEFI-col 'input(cpu-buf)'  col_off=6637  col_w=8  bytes_hit=144
  [transient-SEFI-col] SEFI-col 'output'  col_off=6637  col_w=8  complete_rows=0  partial=1008 B  bytes_hit=0
  [transient-SEFI-col] SEFI-col TOTAL  bytes=25264 (weights=25120 input=144 output=0)  bits~101361
  [transient-SEFI-col] SEFI-col 'weights'  col_off=763  col_w=8  complete_rows=3140  partial=4096 B  bytes_hit=25128
  [transient-SEFI-col] SEFI-col 'input(cpu-buf)'  col_off=763  col_w=8  bytes_hit=152
  [transient-SEFI-col] SEFI-col 'output'  col_off=763  col_w=8  complete_rows=0  partial=1008 B  bytes_hit=8
  [transient-SEFI-col] SEFI-col TOTAL  bytes=25288 (weights=25128 input=152 output=8)  bits~101552
  [transient-SEFI-col] SEFI-col 'weights'  col_off=6577  col_w=8  complete_rows=3140  partial=4096 B  bytes_hit=25120
  [transient-SEFI-col] SEFI-col 'input(cpu-buf)'  col_off=6577  col_w=8  bytes_hit=144
  [transient-SEFI-col] SEFI-col 'output'  col_off=6577  col_w=8  complete_rows=0  partial=1008 B  bytes_hit=0
  [transient-SEFI-col] SEFI-col TOTAL  bytes=25264 (weights=25120 input=144 output=0)  bits~100888
  [transient-SEFI-col] SEFI-col 'weights'  col_off=4480  col_w=8  complete_rows=3140  partial=4096 B  bytes_hit=25120
  [transient-SEFI-col] SEFI-col 'input(cpu-buf)'  col_off=4480  col_w=8  bytes_hit=144
  [transient-SEFI-col] SEFI-col 'output'  col_off=4480  col_w=8  complete_rows=0  partial=1008 B  bytes_hit=0
  [transient-SEFI-col] SEFI-col TOTAL  bytes=25264 (weights=25120 input=144 output=0)  bits~101629
  [transient-SEFI-col] SEFI-col 'weights'  col_off=320  col_w=8  complete_rows=3140  partial=4096 B  bytes_hit=25128
  [transient-SEFI-col] SEFI-col 'input(cpu-buf)'  col_off=320  col_w=8  bytes_hit=152
  [transient-SEFI-col] SEFI-col 'output'  col_off=320  col_w=8  complete_rows=0  partial=1008 B  bytes_hit=8
  [transient-SEFI-col] SEFI-col TOTAL  bytes=25288 (weights=25128 input=152 output=8)  bits~101699
  [transient-SEFI-col] SEFI-col 'weights'  col_off=632  col_w=8  complete_rows=3140  partial=4096 B  bytes_hit=25128
  [transient-SEFI-col] SEFI-col 'input(cpu-buf)'  col_off=632  col_w=8  bytes_hit=152
  [transient-SEFI-col] SEFI-col 'output'  col_off=632  col_w=8  complete_rows=0  partial=1008 B  bytes_hit=8
  [transient-SEFI-col] SEFI-col TOTAL  bytes=25288 (weights=25128 input=152 output=8)  bits~100983
  [transient-SEFI-col] SEFI-col 'weights'  col_off=5232  col_w=8  complete_rows=3140  partial=4096 B  bytes_hit=25120
  [transient-SEFI-col] SEFI-col 'input(cpu-buf)'  col_off=5232  col_w=8  bytes_hit=144
  [transient-SEFI-col] SEFI-col 'output'  col_off=5232  col_w=8  complete_rows=0  partial=1008 B  bytes_hit=0
  [transient-SEFI-col] SEFI-col TOTAL  bytes=25264 (weights=25120 input=144 output=0)  bits~101588
  [transient-SEFI-col] SEFI-col 'weights'  col_off=5588  col_w=8  complete_rows=3140  partial=4096 B  bytes_hit=25120
  [transient-SEFI-col] SEFI-col 'input(cpu-buf)'  col_off=5588  col_w=8  bytes_hit=144
  [transient-SEFI-col] SEFI-col 'output'  col_off=5588  col_w=8  complete_rows=0  partial=1008 B  bytes_hit=0
  [transient-SEFI-col] SEFI-col TOTAL  bytes=25264 (weights=25120 input=144 output=0)  bits~101656
  [transient-SEFI-col] SEFI-col 'weights'  col_off=3407  col_w=8  complete_rows=3140  partial=4096 B  bytes_hit=25128
  [transient-SEFI-col] SEFI-col 'input(cpu-buf)'  col_off=3407  col_w=8  bytes_hit=144
  [transient-SEFI-col] SEFI-col 'output'  col_off=3407  col_w=8  complete_rows=0  partial=1008 B  bytes_hit=0
  [transient-SEFI-col] SEFI-col TOTAL  bytes=25272 (weights=25128 input=144 output=0)  bits~101638
  [transient-SEFI-col] SEFI-col 'weights'  col_off=3678  col_w=8  complete_rows=3140  partial=4096 B  bytes_hit=25128
  [transient-SEFI-col] SEFI-col 'input(cpu-buf)'  col_off=3678  col_w=8  bytes_hit=144
  [transient-SEFI-col] SEFI-col 'output'  col_off=3678  col_w=8  complete_rows=0  partial=1008 B  bytes_hit=0
  [transient-SEFI-col] SEFI-col TOTAL  bytes=25272 (weights=25128 input=144 output=0)  bits~101781
  [transient-SEFI-col] SEFI-col 'weights'  col_off=4600  col_w=8  complete_rows=3140  partial=4096 B  bytes_hit=25120
  [transient-SEFI-col] SEFI-col 'input(cpu-buf)'  col_off=4600  col_w=8  bytes_hit=144
  [transient-SEFI-col] SEFI-col 'output'  col_off=4600  col_w=8  complete_rows=0  partial=1008 B  bytes_hit=0
  [transient-SEFI-col] SEFI-col TOTAL  bytes=25264 (weights=25120 input=144 output=0)  bits~101095
  [transient-SEFI-col] SEFI-col 'weights'  col_off=290  col_w=8  complete_rows=3140  partial=4096 B  bytes_hit=25128
  [transient-SEFI-col] SEFI-col 'input(cpu-buf)'  col_off=290  col_w=8  bytes_hit=152
  [transient-SEFI-col] SEFI-col 'output'  col_off=290  col_w=8  complete_rows=0  partial=1008 B  bytes_hit=8
  [transient-SEFI-col] SEFI-col TOTAL  bytes=25288 (weights=25128 input=152 output=8)  bits~101442
  [transient-SEFI-col] SEFI-col 'weights'  col_off=3011  col_w=8  complete_rows=3140  partial=4096 B  bytes_hit=25128
  [transient-SEFI-col] SEFI-col 'input(cpu-buf)'  col_off=3011  col_w=8  bytes_hit=152
  [transient-SEFI-col] SEFI-col 'output'  col_off=3011  col_w=8  complete_rows=0  partial=1008 B  bytes_hit=0
  [transient-SEFI-col] SEFI-col TOTAL  bytes=25280 (weights=25128 input=152 output=0)  bits~102003
  [transient-SEFI-col] SEFI-col 'weights'  col_off=2260  col_w=8  complete_rows=3140  partial=4096 B  bytes_hit=25128
  [transient-SEFI-col] SEFI-col 'input(cpu-buf)'  col_off=2260  col_w=8  bytes_hit=152
  [transient-SEFI-col] SEFI-col 'output'  col_off=2260  col_w=8  complete_rows=0  partial=1008 B  bytes_hit=0
  [transient-SEFI-col] SEFI-col TOTAL  bytes=25280 (weights=25128 input=152 output=0)  bits~101157
  [transient-SEFI-col] SEFI-col 'weights'  col_off=2533  col_w=8  complete_rows=3140  partial=4096 B  bytes_hit=25128
  [transient-SEFI-col] SEFI-col 'input(cpu-buf)'  col_off=2533  col_w=8  bytes_hit=152
  [transient-SEFI-col] SEFI-col 'output'  col_off=2533  col_w=8  complete_rows=0  partial=1008 B  bytes_hit=0
  [transient-SEFI-col] SEFI-col TOTAL  bytes=25280 (weights=25128 input=152 output=0)  bits~101649
  [transient-SEFI-col] SEFI-col 'weights'  col_off=1519  col_w=8  complete_rows=3140  partial=4096 B  bytes_hit=25128
  [transient-SEFI-col] SEFI-col 'input(cpu-buf)'  col_off=1519  col_w=8  bytes_hit=152
  [transient-SEFI-col] SEFI-col 'output'  col_off=1519  col_w=8  complete_rows=0  partial=1008 B  bytes_hit=0
  [transient-SEFI-col] SEFI-col TOTAL  bytes=25280 (weights=25128 input=152 output=0)  bits~101571
  [transient-SEFI-col] SEFI-col 'weights'  col_off=1981  col_w=8  complete_rows=3140  partial=4096 B  bytes_hit=25128
  [transient-SEFI-col] SEFI-col 'input(cpu-buf)'  col_off=1981  col_w=8  bytes_hit=152
  [transient-SEFI-col] SEFI-col 'output'  col_off=1981  col_w=8  complete_rows=0  partial=1008 B  bytes_hit=0
  [transient-SEFI-col] SEFI-col TOTAL  bytes=25280 (weights=25128 input=152 output=0)  bits~101535
  [transient-SEFI-col] SEFI-col 'weights'  col_off=3365  col_w=8  complete_rows=3140  partial=4096 B  bytes_hit=25128
  [transient-SEFI-col] SEFI-col 'input(cpu-buf)'  col_off=3365  col_w=8  bytes_hit=144
  [transient-SEFI-col] SEFI-col 'output'  col_off=3365  col_w=8  complete_rows=0  partial=1008 B  bytes_hit=0
  [transient-SEFI-col] SEFI-col TOTAL  bytes=25272 (weights=25128 input=144 output=0)  bits~101496
  [transient-SEFI-col] SEFI-col 'weights'  col_off=3800  col_w=8  complete_rows=3140  partial=4096 B  bytes_hit=25128
  [transient-SEFI-col] SEFI-col 'input(cpu-buf)'  col_off=3800  col_w=8  bytes_hit=144
  [transient-SEFI-col] SEFI-col 'output'  col_off=3800  col_w=8  complete_rows=0  partial=1008 B  bytes_hit=0
  [transient-SEFI-col] SEFI-col TOTAL  bytes=25272 (weights=25128 input=144 output=0)  bits~101298
  [transient-SEFI-col] SEFI-col 'weights'  col_off=4857  col_w=8  complete_rows=3140  partial=4096 B  bytes_hit=25120
  [transient-SEFI-col] SEFI-col 'input(cpu-buf)'  col_off=4857  col_w=8  bytes_hit=144
  [transient-SEFI-col] SEFI-col 'output'  col_off=4857  col_w=8  complete_rows=0  partial=1008 B  bytes_hit=0
  [transient-SEFI-col] SEFI-col TOTAL  bytes=25264 (weights=25120 input=144 output=0)  bits~101810
  [transient-SEFI-col] SEFI-col 'weights'  col_off=5779  col_w=8  complete_rows=3140  partial=4096 B  bytes_hit=25120
  [transient-SEFI-col] SEFI-col 'input(cpu-buf)'  col_off=5779  col_w=8  bytes_hit=144
  [transient-SEFI-col] SEFI-col 'output'  col_off=5779  col_w=8  complete_rows=0  partial=1008 B  bytes_hit=0
  [transient-SEFI-col] SEFI-col TOTAL  bytes=25264 (weights=25120 input=144 output=0)  bits~101841
  [transient-SEFI-col] SEFI-col 'weights'  col_off=7621  col_w=8  complete_rows=3140  partial=4096 B  bytes_hit=25120
  [transient-SEFI-col] SEFI-col 'input(cpu-buf)'  col_off=7621  col_w=8  bytes_hit=144
  [transient-SEFI-col] SEFI-col 'output'  col_off=7621  col_w=8  complete_rows=0  partial=1008 B  bytes_hit=0
  [transient-SEFI-col] SEFI-col TOTAL  bytes=25264 (weights=25120 input=144 output=0)  bits~101432
  [transient-SEFI-col] SEFI-col 'weights'  col_off=3792  col_w=8  complete_rows=3140  partial=4096 B  bytes_hit=25128
  [transient-SEFI-col] SEFI-col 'input(cpu-buf)'  col_off=3792  col_w=8  bytes_hit=144
  [transient-SEFI-col] SEFI-col 'output'  col_off=3792  col_w=8  complete_rows=0  partial=1008 B  bytes_hit=0
  [transient-SEFI-col] SEFI-col TOTAL  bytes=25272 (weights=25128 input=144 output=0)  bits~101860
  [transient-SEFI-col] SEFI-col 'weights'  col_off=876  col_w=8  complete_rows=3140  partial=4096 B  bytes_hit=25128
  [transient-SEFI-col] SEFI-col 'input(cpu-buf)'  col_off=876  col_w=8  bytes_hit=152
  [transient-SEFI-col] SEFI-col 'output'  col_off=876  col_w=8  complete_rows=0  partial=1008 B  bytes_hit=8
  [transient-SEFI-col] SEFI-col TOTAL  bytes=25288 (weights=25128 input=152 output=8)  bits~102005
  [transient-SEFI-col] SEFI-col 'weights'  col_off=2777  col_w=8  complete_rows=3140  partial=4096 B  bytes_hit=25128
  [transient-SEFI-col] SEFI-col 'input(cpu-buf)'  col_off=2777  col_w=8  bytes_hit=152
  [transient-SEFI-col] SEFI-col 'output'  col_off=2777  col_w=8  complete_rows=0  partial=1008 B  bytes_hit=0
  [transient-SEFI-col] SEFI-col TOTAL  bytes=25280 (weights=25128 input=152 output=0)  bits~101410
  [transient-SEFI-col] SEFI-col 'weights'  col_off=1991  col_w=8  complete_rows=3140  partial=4096 B  bytes_hit=25128
  [transient-SEFI-col] SEFI-col 'input(cpu-buf)'  col_off=1991  col_w=8  bytes_hit=152
  [transient-SEFI-col] SEFI-col 'output'  col_off=1991  col_w=8  complete_rows=0  partial=1008 B  bytes_hit=0
  [transient-SEFI-col] SEFI-col TOTAL  bytes=25280 (weights=25128 input=152 output=0)  bits~101381
  [transient-SEFI-col] SEFI-col 'weights'  col_off=4280  col_w=8  complete_rows=3140  partial=4096 B  bytes_hit=25120
  [transient-SEFI-col] SEFI-col 'input(cpu-buf)'  col_off=4280  col_w=8  bytes_hit=144
  [transient-SEFI-col] SEFI-col 'output'  col_off=4280  col_w=8  complete_rows=0  partial=1008 B  bytes_hit=0
  [transient-SEFI-col] SEFI-col TOTAL  bytes=25264 (weights=25120 input=144 output=0)  bits~101481
  [transient-SEFI-col] SEFI-col 'weights'  col_off=7080  col_w=8  complete_rows=3140  partial=4096 B  bytes_hit=25120
  [transient-SEFI-col] SEFI-col 'input(cpu-buf)'  col_off=7080  col_w=8  bytes_hit=144
  [transient-SEFI-col] SEFI-col 'output'  col_off=7080  col_w=8  complete_rows=0  partial=1008 B  bytes_hit=0
  [transient-SEFI-col] SEFI-col TOTAL  bytes=25264 (weights=25120 input=144 output=0)  bits~101528
  [transient-SEFI-col] SEFI-col 'weights'  col_off=244  col_w=8  complete_rows=3140  partial=4096 B  bytes_hit=25128
  [transient-SEFI-col] SEFI-col 'input(cpu-buf)'  col_off=244  col_w=8  bytes_hit=152
  [transient-SEFI-col] SEFI-col 'output'  col_off=244  col_w=8  complete_rows=0  partial=1008 B  bytes_hit=8
  [transient-SEFI-col] SEFI-col TOTAL  bytes=25288 (weights=25128 input=152 output=8)  bits~101625
  [transient-SEFI-col] SEFI-col 'weights'  col_off=6733  col_w=8  complete_rows=3140  partial=4096 B  bytes_hit=25120
  [transient-SEFI-col] SEFI-col 'input(cpu-buf)'  col_off=6733  col_w=8  bytes_hit=144
  [transient-SEFI-col] SEFI-col 'output'  col_off=6733  col_w=8  complete_rows=0  partial=1008 B  bytes_hit=0
  [transient-SEFI-col] SEFI-col TOTAL  bytes=25264 (weights=25120 input=144 output=0)  bits~101375
  [transient-SEFI-col] SEFI-col 'weights'  col_off=4649  col_w=8  complete_rows=3140  partial=4096 B  bytes_hit=25120
  [transient-SEFI-col] SEFI-col 'input(cpu-buf)'  col_off=4649  col_w=8  bytes_hit=144
  [transient-SEFI-col] SEFI-col 'output'  col_off=4649  col_w=8  complete_rows=0  partial=1008 B  bytes_hit=0
  [transient-SEFI-col] SEFI-col TOTAL  bytes=25264 (weights=25120 input=144 output=0)  bits~101847
  [transient-SEFI-col] SEFI-col 'weights'  col_off=1118  col_w=8  complete_rows=3140  partial=4096 B  bytes_hit=25128
  [transient-SEFI-col] SEFI-col 'input(cpu-buf)'  col_off=1118  col_w=8  bytes_hit=152
  [transient-SEFI-col] SEFI-col 'output'  col_off=1118  col_w=8  complete_rows=0  partial=1008 B  bytes_hit=0
  [transient-SEFI-col] SEFI-col TOTAL  bytes=25280 (weights=25128 input=152 output=0)  bits~101815
  [transient-SEFI-col] SEFI-col 'weights'  col_off=6946  col_w=8  complete_rows=3140  partial=4096 B  bytes_hit=25120
  [transient-SEFI-col] SEFI-col 'input(cpu-buf)'  col_off=6946  col_w=8  bytes_hit=144
  [transient-SEFI-col] SEFI-col 'output'  col_off=6946  col_w=8  complete_rows=0  partial=1008 B  bytes_hit=0
  [transient-SEFI-col] SEFI-col TOTAL  bytes=25264 (weights=25120 input=144 output=0)  bits~101691
  [transient-SEFI-col] SEFI-col 'weights'  col_off=5044  col_w=8  complete_rows=3140  partial=4096 B  bytes_hit=25120
  [transient-SEFI-col] SEFI-col 'input(cpu-buf)'  col_off=5044  col_w=8  bytes_hit=144
  [transient-SEFI-col] SEFI-col 'output'  col_off=5044  col_w=8  complete_rows=0  partial=1008 B  bytes_hit=0
  [transient-SEFI-col] SEFI-col TOTAL  bytes=25264 (weights=25120 input=144 output=0)  bits~101732
  [transient-SEFI-col] SEFI-col 'weights'  col_off=4049  col_w=8  complete_rows=3140  partial=4096 B  bytes_hit=25128
  [transient-SEFI-col] SEFI-col 'input(cpu-buf)'  col_off=4049  col_w=8  bytes_hit=144
  [transient-SEFI-col] SEFI-col 'output'  col_off=4049  col_w=8  complete_rows=0  partial=1008 B  bytes_hit=0
  [transient-SEFI-col] SEFI-col TOTAL  bytes=25272 (weights=25128 input=144 output=0)  bits~101889
  [transient-SEFI-col] SEFI-col 'weights'  col_off=4929  col_w=8  complete_rows=3140  partial=4096 B  bytes_hit=25120
  [transient-SEFI-col] SEFI-col 'input(cpu-buf)'  col_off=4929  col_w=8  bytes_hit=144
  [transient-SEFI-col] SEFI-col 'output'  col_off=4929  col_w=8  complete_rows=0  partial=1008 B  bytes_hit=0
  [transient-SEFI-col] SEFI-col TOTAL  bytes=25264 (weights=25120 input=144 output=0)  bits~101787
  [transient-SEFI-col] SEFI-col 'weights'  col_off=788  col_w=8  complete_rows=3140  partial=4096 B  bytes_hit=25128
  [transient-SEFI-col] SEFI-col 'input(cpu-buf)'  col_off=788  col_w=8  bytes_hit=152
  [transient-SEFI-col] SEFI-col 'output'  col_off=788  col_w=8  complete_rows=0  partial=1008 B  bytes_hit=8
  [transient-SEFI-col] SEFI-col TOTAL  bytes=25288 (weights=25128 input=152 output=8)  bits~101525
  [transient-SEFI-col] SEFI-col 'weights'  col_off=81  col_w=8  complete_rows=3140  partial=4096 B  bytes_hit=25128
  [transient-SEFI-col] SEFI-col 'input(cpu-buf)'  col_off=81  col_w=8  bytes_hit=152
  [transient-SEFI-col] SEFI-col 'output'  col_off=81  col_w=8  complete_rows=0  partial=1008 B  bytes_hit=8
  [transient-SEFI-col] SEFI-col TOTAL  bytes=25288 (weights=25128 input=152 output=8)  bits~101676
[Summary] target=buffers  baseline=71.00%  faulty=42.00%
